Title,Price,Image
"TV KALLEY 50"" Pulgadas 127 cm GTV50UHDQV2 4K-UHD QLED Smart TV Google",$1.299.900,https://www.alkosto.com/medias/7705946478175-001-310Wx310H?context=bWFzdGVyfGltYWdlc3w0OTc0fGltYWdlL3dlYnB8YUdNMkwyZzBPQzh4TkRZeU9URXhORFEzT0RZeU1pODNOekExT1RRMk5EYzRNVGMxWHpBd01WOHpNVEJYZURNeE1FZ3w2MTNhZjdjNjk0OTNkZjA5MGI5MjA0YzIwZmFmNjg4ODA0MGI2YjRiNmUyNWEwMTljMzU3NDljN2M1MzI1ODJk
"TV LG 50"" Pulgadas 126 Cm 50UR7410PSA 4K-UHD LED Smart TV",$1.599.900,https://www.alkosto.com/medias/8806096079416-001-310Wx310H?context=bWFzdGVyfGltYWdlc3wxMjk3NHxpbWFnZS93ZWJwfGFHRXhMMmcxTnk4eE5EWXlOamN6TWpjd016YzNOQzg0T0RBMk1EazJNRGM1TkRFMlh6QXdNVjh6TVRCWGVETXhNRWd8NDU0NmY5NDNhNTMwMWE4ZjMzNDgzOTQzZjU4MTQxMmU3MDM0MmU2ZDI0ZGFiMzAyN2JjZjI1ODBmZjZlMmIwMQ
"TV LG 55"" Pulgadas 139 Cm 55UT8050PSB 4K-UHD LED Smart TV",$1.999.900,https://www.alkosto.com/medias/8806096082249-001-310Wx310H?context=bWFzdGVyfGltYWdlc3wxMTkxMHxpbWFnZS93ZWJwfGFEZ3hMMmd5TlM4eE5EVTBOelExTlRNME5EWTNNQzg0T0RBMk1EazJNRGd5TWpRNVh6QXdNVjh6TVRCWGVETXhNRWd8NjQ5YjU2YWRhYmY1NjYyZjYwNTI5MDc0Zjk1ZTE2YzAzMjdlMmQ1YTYzOWJmYzRkNDQ2NzAwYTQyNGUxMTM5ZA
"TV LG 65"" Pulgadas 165 Cm 65UT7300 4K-UHD LED Smart TV",$2.399.900,https://www.alkosto.com/medias/8806084530950-001-310Wx310H?context=bWFzdGVyfGltYWdlc3wxMDUxNnxpbWFnZS93ZWJwfGFHTTVMMmd4T1M4eE5EVTJPRGcwTURjNU1EQTBOaTg0T0RBMk1EZzBOVE13T1RVd1h6QXdNVjh6TVRCWGVETXhNRWd8ZDI1ZmIwNTZlZWIxM2Y3YTViMTkyNzJhNmNjOTM5NDMyNjBlMmE5OWI2MzhiOWU0ZjBjMzYzYTU5N2I4ZTA4Mg
"TV HYUNDAI 43"" Pulgadas 109,2 cm HYLED4322GiM FHD LED Smart TV Google",$979.900,https://www.alkosto.com/medias/7707138071775-001-310Wx310H?context=bWFzdGVyfGltYWdlc3w2MzM4fGltYWdlL3dlYnB8YUdRNEwyZ3pPUzh4TkRZME9UVXlPRGswTWpZeU1pODNOekEzTVRNNE1EY3hOemMxWHpBd01WOHpNVEJYZURNeE1FZ3wxYTU0MWE1MWQyODgyMDYyNzViMTMwYjMxNjM1ZGQ3MzY0YjVmYWY4OGNmMzY2N2E4MGIyOGUwN2Y1ZmVlNzM5
"TV LG 75"" Pulgadas 189 Cm 75NANO80TS 4K-UHD NanoCell Smart TV",$3.899.900,https://www.alkosto.com/medias/8806091858092-001-310Wx310H?context=bWFzdGVyfGltYWdlc3wxMjA2OHxpbWFnZS93ZWJwfGFEUXlMMmhqTWk4eE5EUTVOamsyTmpZM01qUXhOQzg0T0RBMk1Ea3hPRFU0TURreVh6QXdNVjh6TVRCWGVETXhNRWd8MWZiMjIxMTgyYTA0NDllNjMxNTUxMjYxODRmZDA2YmVmYTc5YTFjNTkxNGZjZTQ0YjdhZTI5MzM5MDQ3YjQzYg
"TV SAMSUNG 65"" Pulgadas 165,1 cm DU8000 4K UHD LED Smart TV",$2.499.900,https://www.alkosto.com/medias/8806095483016-001-310Wx310H?context=bWFzdGVyfGltYWdlc3wxMzcyMnxpbWFnZS93ZWJwfGFEWXhMMmhpWkM4eE5ETTRPVFl3TnpFd05EVTBNaTg0T0RBMk1EazFORGd6TURFMlh6QXdNVjh6TVRCWGVETXhNRWd8NzMzZTA2MDg2M2E4YjJlZDg1OWZlMGY1MmVhNjI2YzBhZDhlNTcwODQ1Y2ZkMTFmNmY2NzQ0Y2EyYmYzYjYzYg
"TV HYUNDAI 58""Pulgadas 147 cm HYLED5808W4KM 4K-UHD LED Smart TV",$1.649.900,https://www.alkosto.com/medias/7707138003691-001-310Wx310H?context=bWFzdGVyfGltYWdlc3w3ODM0fGltYWdlL3dlYnB8YURJNEwyZzRaUzh4TkRZME9UUTRPRFl6TnprNE1pODNOekEzTVRNNE1EQXpOamt4WHpBd01WOHpNVEJYZURNeE1FZ3wxYjMwYmFmYmNlODQzOTYyOWIyM2Y1YTkzNGE2NjVjZDg5NjZlYmFlNzcwYzgwZDYxNjc1ZTc5MjQ1ZTIzYmM0
"TV TCL 55"" Pulgadas 139 cm 55 C655 Advanced 4K-UHD QLED Smart TV Google",$1.949.900,https://www.alkosto.com/medias/6921732824037-001-310Wx310H?context=bWFzdGVyfGltYWdlc3wxMzg1NHxpbWFnZS93ZWJwfGFESmxMMmhrT0M4eE5EWTFOelExTlRreE5UQXpPQzgyT1RJeE56TXlPREkwTURNM1h6QXdNVjh6TVRCWGVETXhNRWd8OTQzMzBlOGE3ODJhOGNmZWQ1YzM0MDMzMmY0NDkzMmE4NDBlY2YzZTc2ODI2NGY1MGNlMzIwMDVhZTIzOGQ0YQ
"TV LG 65"" Pulgadas 164 Cm 65UT8050PSB 4K-UHD LED Smart TV",$2.699.900,https://www.alkosto.com/medias/8806096082270-001-310Wx310H?context=bWFzdGVyfGltYWdlc3wxMjM5OHxpbWFnZS93ZWJwfGFHRXpMMmhtWmk4eE5EVTBOelEyTVRJME1qa3hNQzg0T0RBMk1EazJNRGd5TWpjd1h6QXdNVjh6TVRCWGVETXhNRWd8ZGE4MzRhYjQ5OWRlZDNkNWQ0MDE4YWEzZTM1MDY2YzYxNDYyYzVjNTQ0MzEzZDAwYjhhMjE3NWE0ODI1M2ViZA
"TV SAMSUNG 65"" Pulgadas 165.1 cm 65DU7000 4K-UHD LED Smart TV",$2.399.900,https://www.alkosto.com/medias/8806095482446-001-310Wx310H?context=bWFzdGVyfGltYWdlc3wxMjI5MHxpbWFnZS93ZWJwfGFHVXdMMmhpTmk4eE5EVXdOemcyTlRnNU9UQXpPQzg0T0RBMk1EazFORGd5TkRRMlh6QXdNVjh6TVRCWGVETXhNRWd8MjJmOGE5YjZhMTcxZGIwOTgxM2NhY2U2NmJhMDkwZDgyOTMzNmE5MDI1NWRmYmNiNzE4ZTNhYmIyZDExYTY0Yg
"TV SAMSUNG 55"" Pulgadas 139,7 cm QN55Q60DA 4K-UHD QLED Smart TV + Barra de Sonido SAMSUNG HW-C400",$2.299.900,https://www.alkosto.com/medias/8806095750644-001-310Wx310H?context=bWFzdGVyfGltYWdlc3wxNTUyNHxpbWFnZS93ZWJwfGFHRmlMMmhrTXk4eE5EVTJNemN6TWpRNE9ESXlNaTg0T0RBMk1EazFOelV3TmpRMFh6QXdNVjh6TVRCWGVETXhNRWd8OTM3NGIwNmM5OTNkOTg2ZmM5ODhlYzVjZTM0NTI4ZjI3ODdkOWFlZGZjNDBjNTQwNTkyMzMxNmU0NDc2Y2ZlZA
"TV TCL 65"" Pulgadas 165 cm 65 C655 Advanced 4K-UHD QLED Smart TV Google",$2.699.900,https://www.alkosto.com/medias/6921732827830-001-310Wx310H?context=bWFzdGVyfGltYWdlc3wxMzg0NnxpbWFnZS93ZWJwfGFEQTJMMmd3Wmk4eE5EWTFOelEzTXpnM01Ua3dNaTgyT1RJeE56TXlPREkzT0RNd1h6QXdNVjh6TVRCWGVETXhNRWd8MWFjZGZlZjUzN2JjZjM0ZGQ4Mjk2MDNiZTAxYjVkMzUzNWRhMWE4MjM5ZDA2MTg1NmZlOTBhYjNmMDk1YTZjNA
"TV SAMSUNG 43"" Pulgadas 109.22 cm 43DU7000 4K-UHD LED Smart TV",$1.499.900,https://www.alkosto.com/medias/8806095483238-001-310Wx310H?context=bWFzdGVyfGltYWdlc3wxMTkxMHxpbWFnZS93ZWJwfGFHUTBMMmhsTlM4eE5EVTJNelk0TkRRMU1ETXpOQzg0T0RBMk1EazFORGd6TWpNNFh6QXdNVjh6TVRCWGVETXhNRWd8MGRjZmQ4Zjk3ODM1NTU5N2JiYmNmNDNmZDE1NzdhMDE0Yzc1YjZmNzQ2MjgxMmUzYmNjMzFlNjJiM2M4NzhiZg
"TV CHALLENGER 40"" Pulgadas 101 cm LED40TG79 FHD LED Smart TV Google",$879.900,https://www.alkosto.com/medias/7705191044316-001-310Wx310H?context=bWFzdGVyfGltYWdlc3w1OTA4fGltYWdlL3dlYnB8YUdJeUwyaGxOeTh4TkRVM09EYzRNRE0wTURJMU5DODNOekExTVRreE1EUTBNekUyWHpBd01WOHpNVEJYZURNeE1FZ3w5NDhiYzc3MTA1YjY4YzkwYTAxMGE1ZTUxYzYzZmQ2NTliOTM5ODIyZWI1N2RhOTNhYmQwOGY3ZGQwOGQ0ZGU5
"TV SAMSUNG 55"" Pulgadas 139,7 cm DU8000 4K UHD LED Smart TV",$1.999.900,https://www.alkosto.com/medias/8806095482415-001-310Wx310H?context=bWFzdGVyfGltYWdlc3wxMzIwNnxpbWFnZS93ZWJwfGFHSXdMMmhpTmk4eE5EVTJNelkzTWpZMU16ZzFOQzg0T0RBMk1EazFORGd5TkRFMVh6QXdNVjh6TVRCWGVETXhNRWd8NmVkYjZhOGMyNDI3OWY3YjQ3ZWQwYThlOThhMzE2ZGYwYTQ0YmM5MjNkYjkzMjNhNjBkNmI1ZTUwMDgzZjFjZA
"TV KALLEY 32"" Pulgadas 81 cm K-GTV32FHD LED Smart TV Google",$679.900,https://www.alkosto.com/medias/7705946478137-001-310Wx310H?context=bWFzdGVyfGltYWdlc3w5MDQ0fGltYWdlL3dlYnB8YURabEwyZ3dZeTh4TkRZeU9UQTVNRE0yTVRNM05DODNOekExT1RRMk5EYzRNVE0zWHpBd01WOHpNVEJYZURNeE1FZ3w5MmY0ZjgwOTM0YTA4MzRjOWEyYjhkNDlmYWU5ZGI3NGRmNGI5YWI2ZDJmZDA3NTVkZjVhMzU1NGQ3ODRiNzJk
"TV SAMSUNG 75"" Pulgadas 190,5 cm DU8000 4K UHD LED Smart TV",$3.599.900,https://www.alkosto.com/medias/8806095483252-001-310Wx310H?context=bWFzdGVyfGltYWdlc3wxMzY5NHxpbWFnZS93ZWJwfGFEYzNMMmc1Tnk4eE5ETTRPVFl4T0Rrd01UQXlNaTg0T0RBMk1EazFORGd6TWpVeVh6QXdNVjh6TVRCWGVETXhNRWd8MDM4NTc4MTBiOTYxYWMxODk5ZjMyMmI0MDI5NWZkMjhlYzEzZmIzYjFjOGNjMjE3NWFjNmM3ZjczMTQwYmViNA
"TV CHALLENGER 40"" Pulgadas 101 cm LED40LO69 FHD LED Smart TV Android",$829.900,https://www.alkosto.com/medias/7705191043647-001-310Wx310H?context=bWFzdGVyfGltYWdlc3w5NzcyfGltYWdlL3dlYnB8YURSbUwyZ3paaTh4TkRZeE5UVTBPRGMxTlRrNU9DODNOekExTVRreE1EUXpOalEzWHpBd01WOHpNVEJYZURNeE1FZ3w4NDgzNjBjYWUxZWU2OTVjYjFjZDM5NDk0ZGZlNGM3OTg3NzE4NWE1NzFkNjgwNDEzNjc1MzI0NmQ1NDc5NDVk
"TV SAMSUNG 70"" Pulgadas 177,8 cm QN70Q65DA 4K-UHD QLED Smart TV",$3.499.900,https://www.alkosto.com/medias/8806095388335-001-310Wx310H?context=bWFzdGVyfGltYWdlc3wxNTI1OHxpbWFnZS93ZWJwfGFERmxMMmhtWlM4eE5EUTFNalk0TWprNE1UUXdOaTg0T0RBMk1EazFNemc0TXpNMVh6QXdNVjh6TVRCWGVETXhNRWd8YWE0NWZiMmU2M2VlNmVhMDAzMzMzOGUzMjhmMWI3NTMyYTNkODQ1NTE4OTg1YmMwODAzYjkwZjlmOTMyYzc3Zg
"TV CHALLENGER 43"" Pulgadas 108 cm LED43LO69 FHD LED Smart TV Android",$929.900,https://www.alkosto.com/medias/7705191042305-001-310Wx310H?context=bWFzdGVyfGltYWdlc3w3NjEwfGltYWdlL3dlYnB8YURFM0wyZ3hPQzh4TkRVM09EY3pNalk1TlRVNE1pODNOekExTVRreE1EUXlNekExWHpBd01WOHpNVEJYZURNeE1FZ3xiODI0NTNjYjUxMTcxMGM0NDE3Y2VkOWFjNDc0MjJkMDI2MGMxZDUzOWFhMGYxMDk1YmNlZmQ0NjkwNjQyYzhl
"TV LG 50"" Pulgadas 127 Cm 50QNED80 4K-UHD QNED Smart TV",$2.099.900,https://www.alkosto.com/medias/8806091624901-001-310Wx310H?context=bWFzdGVyfGltYWdlc3wxMTUzOHxpbWFnZS93ZWJwfGFEQXpMMmd4TXk4eE5EVTJPRGt4T0RjeE1qTTFNQzg0T0RBMk1Ea3hOakkwT1RBeFh6QXdNVjh6TVRCWGVETXhNRWd8YzRhMzlhNDdhODIyOTc2OWNkNjJhYzMyMTQzMzgwNzUxN2MyZDQ1NjBjMzFmNTFjYWU5NDk3OGI2ZGYxMGFkNw
"TV CHALLENGER 43"" Pulgadas 108 cm LED43TG79 FHD LED Smart TV Google",$979.900,https://www.alkosto.com/medias/7705191044293-001-310Wx310H?context=bWFzdGVyfGltYWdlc3w1ODgwfGltYWdlL3dlYnB8YUdRM0wyZ3dZeTh4TkRVM09EYzNORFEwTWpBeE5DODNOekExTVRreE1EUTBNamt6WHpBd01WOHpNVEJYZURNeE1FZ3w4YWNmOGNlZTFhMDc4MGIyNDQ1ZDBjYmNjMTcxYTA0YmZjNjdhYjA5ZjY4OTBlMTAxYmVjN2U4MDg4YjVhMGY0
"TV KALLEY 43"" pulgadas 109 cm GTV43QLED 4KUHD QLED Smart TV Google",$1.099.900,https://www.alkosto.com/medias/7705946478168-001-310Wx310H?context=bWFzdGVyfGltYWdlc3w1NjU4fGltYWdlL3dlYnB8YURSaUwyaGtZeTh4TkRZeU9URXdPRFU0TURNNE1pODNOekExT1RRMk5EYzRNVFk0WHpBd01WOHpNVEJYZURNeE1FZ3w3NzI0OGQ2NzU2MjUwOTFkOTBjOTIxYzNjYzVmMjlhNTc3YzdlYzY0ZThkYTQ4MGQ1NTg2NGQ0Njk3Nzc2NzM2
"TV SAMSUNG 50"" Pulgadas 127 cm QN50Q60DA 4K-UHD QLED Smart TV",$1.899.900,https://www.alkosto.com/medias/8806095388717-001-310Wx310H?context=bWFzdGVyfGltYWdlc3wxNjAzNnxpbWFnZS93ZWJwfGFESTRMMmc1WWk4eE5ETTRPVFU1TlRNd09EQTJNaTg0T0RBMk1EazFNemc0TnpFM1h6QXdNVjh6TVRCWGVETXhNRWd8NTY0NDJjZGYzYjBlZGFkYTU2OGIwYmEwZGZlNTI0NTdiNzA5ZDA4ZWQ4Yjg1MWZlZTUzN2Y5YWIwNGE4NTYzMQ
"TV KALLEY 75"" K-GTV75UHDQ Pulgadas 190 cm 4K-UHD QLED Smart TV Google",$2.899.900,https://www.alkosto.com/medias/7705946477161-001-310Wx310H?context=bWFzdGVyfGltYWdlc3w1Njc0fGltYWdlL3dlYnB8YURFNEwyaGpaUzh4TkRZeU9UQTNNalkyTmpZMU5DODNOekExT1RRMk5EYzNNVFl4WHpBd01WOHpNVEJYZURNeE1FZ3wzZTRjNzgzMTk3MDk5YWIwMTM2YWZjNTAyMTkwZGM5ODA2NzRmYWUxNTRiNWYzMzYwMGU3NjkwZDI1ZjMxOGNj
"TV KALLEY 43"" Pulgadas 109 cm K-RTV43FHD Smart TV Roku TV",$919.900,https://www.alkosto.com/medias/7705946478687-001-310Wx310H?context=bWFzdGVyfGltYWdlc3w2MzQ0fGltYWdlL3dlYnB8YURNeEwyZzVOeTh4TkRVNU5qYzNPVGt3TURrMU9DODNOekExT1RRMk5EYzROamczWHpBd01WOHpNVEJYZURNeE1FZ3xkNTMwYzE4MTdjYWY1NmE1NGY0NWEzN2E4YjY4NGEwYmY3ZjMwNjZhMzQ1YzM3YzYyODQxZDA0YTNmOGJjZmMy
"TV CHALLENGER 58"" Pulgadas 146 cm LED58KG85 4KUHD LED Smart TV Google",$1.729.900,https://www.alkosto.com/medias/7705191044323-001-310Wx310H?context=bWFzdGVyfGltYWdlc3w2ODE0fGltYWdlL3dlYnB8YURZMkwyZzNNQzh4TkRVM09EYzROakl6T0RRNU5DODNOekExTVRreE1EUTBNekl6WHpBd01WOHpNVEJYZURNeE1FZ3wwN2UzMjZhNjA1ZDRlNjQ0YTU4MzI4Mzk5NWYwNTdmMTRhNDcwNzMyYTM3YjZmODI4NWYwODJmNTRiNDgyMTIy
"TV TCL 50"" Pulgadas 127 cm 50 C655 Advanced 4K-UHD QLED Smart TV Google",$1.659.900,https://www.alkosto.com/medias/6921732824075-001-310Wx310H?context=bWFzdGVyfGltYWdlc3wxMzgwMnxpbWFnZS93ZWJwfGFEVTFMMmhqTkM4eE5EWTFOelEyTnpjeE1UVXhPQzgyT1RJeE56TXlPREkwTURjMVh6QXdNVjh6TVRCWGVETXhNRWd8YjQzYWM4NWIyMjIwMDQyM2ZlOTg0NDQ1NTgyMzI4MDYwMjY4NDhhYjY2YTQ5NDcxODhkZjNmNzJmNDIwMGRhZA
"TV SAMSUNG 50"" Pulgadas 127 cm 50DU7000 4K-UHD LED Smart TV",$1.749.900,https://www.alkosto.com/medias/8806095483245-001-310Wx310H?context=bWFzdGVyfGltYWdlc3wxMTkyNHxpbWFnZS93ZWJwfGFHVTJMMmd3WVM4eE5EVTJNelk1TURNME9EVTNOQzg0T0RBMk1EazFORGd6TWpRMVh6QXdNVjh6TVRCWGVETXhNRWd8NWM2NDIxODk5NTE4NjdjMmE3YTlmYmQxMzBmZjcxMmEzOGE5NDgzOGE3MTM0NTZmNzQxOGI1NDdkN2Q3ZDBmYQ
"TV KALLEY 40"" Pulgadas 102 cm K-RTV40FHD Smart TV Roku TV",$819.900,https://www.alkosto.com/medias/7705946478670-001-310Wx310H?context=bWFzdGVyfGltYWdlc3w1ODg4fGltYWdlL3dlYnB8YURrMUwyaGtOUzh4TkRVNU5qYzNOVEU0TWpNMk5pODNOekExT1RRMk5EYzROamN3WHpBd01WOHpNVEJYZURNeE1FZ3xhOTRiYmM4M2RlM2I1ZGM2NmFmNzExNDdmMTNhNDJlZGY0ZmEyZDBjY2MwYTVjZTc4MTY2NTRmZGZhMDczZmI4
"TV LG 55"" Pulgadas 140 Cm 55NANO80 4K-UHD NanoCell Smart TV",$2.299.900,https://www.alkosto.com/medias/8806091881533-001-310Wx310H?context=bWFzdGVyfGltYWdlc3wxMDg5OHxpbWFnZS93ZWJwfGFEUTRMMmd6TVM4eE5EVTRNekV4TlRZM056Y3lOaTg0T0RBMk1Ea3hPRGd4TlRNelh6QXdNVjh6TVRCWGVETXhNRWd8NWFlYmEzMTEyNzk5NzBkNDJmNzljMWQwZTg3N2MzODIzNTA5OTRmZWQzYmQ4NjQzYzhkNGMwMmU3Y2Q1YTIyYg
"TV SAMSUNG 55"" Pulgadas 139.7 cm 55DU7000 4K-UHD LED Smart TV",$1.949.900,https://www.alkosto.com/medias/8806095483030-001-310Wx310H?context=bWFzdGVyfGltYWdlc3wxMjQ5MHxpbWFnZS93ZWJwfGFHTTNMMmcwTnk4eE5ETTVOakE0TnpRd01qVXlOaTg0T0RBMk1EazFORGd6TURNd1h6QXdNVjh6TVRCWGVETXhNRWd8NzQwZjE0YTUwOTZmZjcxOWY1NTM0NDEyZmNkNjY1YmQ0MjBmNDk4ZjVlYWY2NzY1ZWI5NDg3YjVlOWU3MGM1NA
"TV HYUNDAI 40"" Pulgadas 101,6cm HYLED4023GiM FHD LED Smart TV Google",$879.900,https://www.alkosto.com/medias/7707138036163-001-310Wx310H?context=bWFzdGVyfGltYWdlc3w2NDMyfGltYWdlL3dlYnB8YURJMUwyZzFNUzh4TkRZME9UVXdOelV4TWpNMU1DODNOekEzTVRNNE1ETTJNVFl6WHpBd01WOHpNVEJYZURNeE1FZ3xhODk0YWIzMTIyZjMyOTBkNmE3NmJlY2EyNjlmMjdjZGVjODkyNTA1NDFlZjEwZGFiYjdkYjM4YzU4NDJiNGQ1
"TV HYUNDAI 32""Pulgadas 81,2 cm HYLED3254GiM HD LED Smart Tv Google",$659.900,https://www.alkosto.com/medias/7707138025310-001-310Wx310H?context=bWFzdGVyfGltYWdlc3w2NzM0fGltYWdlL3dlYnB8YURnMEwyZzRZUzh4TkRZME9UUTVOamc1TlRVeE9DODNOekEzTVRNNE1ESTFNekV3WHpBd01WOHpNVEJYZURNeE1FZ3xiZWFiYzQyNmU3YmM2MzM3ZDFkN2U5MWJmNDhkNTM3MzgwZGY4YjY4NmExOTc2NWIyNjkwOTA1MTQ0N2JiNWY5
"TV KALLEY 55"" Pulgadas 139 cm GTV55UHDQV2 4K-UHD QLED Smart TV Google TV",$1.699.900,https://www.alkosto.com/medias/7705946478205-001-310Wx310H?context=bWFzdGVyfGltYWdlc3w0ODk2fGltYWdlL3dlYnB8YURFMEwyZzVNaTh4TkRZeU9URXlNRE0zTmpnMk1pODNOekExT1RRMk5EYzRNakExWHpBd01WOHpNVEJYZURNeE1FZ3w1ZDJlN2Q4NzQyYzI4MGExNWQ5YzRjNTYzYWRjZTNkOGZmYjU1MjFjYzBkY2Y1NDc5MGQ2YzAyYjI5OTVhZTk1
"TV CHALLENGER 32"" Pulgadas 80 cm LED32TG79 HD LED Smart TV Google",$669.900,https://www.alkosto.com/medias/7705191044514-001-310Wx310H?context=bWFzdGVyfGltYWdlc3w2NjA2fGltYWdlL3dlYnB8YUROakwyaGlZeTh4TkRVM09EYzVNak01T0RnM09DODNOekExTVRreE1EUTBOVEUwWHpBd01WOHpNVEJYZURNeE1FZ3xiYTMxMDYxZGZiZTdiY2MzYWJjN2EyMmY5ODUyYjYwODU4MTcyMjhlNTE1Y2E5N2E5YTk3YjJmNTliMjBiMjU4
"TV KALLEY 43"" Pulgadas 109 cm K-GTV43FHD LED Smart TV Google",$979.900,https://www.alkosto.com/medias/7705946478151-001-310Wx310H?context=bWFzdGVyfGltYWdlc3w5MDgwfGltYWdlL3dlYnB8YURVMEwyaGhZeTh4TkRZeU9URXdNalk0TWpFME1pODNOekExT1RRMk5EYzRNVFV4WHpBd01WOHpNVEJYZURNeE1FZ3w2MTVhYzFhNDU1MTZjZmE0ZjhkMDZjZDhlYTZlMDNkY2FlZjVkYTI0ZmI2MjVmMDFhNjc5YTJlZjQ5NjY5NDE3
"TV LG 43"" Pulgadas 110 Cm 43NANO80TS 4K-UHD NanoCell Smart TV",$1.599.900,https://www.alkosto.com/medias/8806091819635-001-310Wx310H?context=bWFzdGVyfGltYWdlc3wxMDkzNnxpbWFnZS93ZWJwfGFHVXlMMmcwWVM4eE5EUTVOamsyTURjM05ERTNOQzg0T0RBMk1Ea3hPREU1TmpNMVh6QXdNVjh6TVRCWGVETXhNRWd8NTBjMTQwOGYwZGYzMzA5ZjA0M2ZiZjY3Mzc1NDIxMDkyMGM3NzAzNTIwYWUwYWM2ZjZkOGE5MjVhYjJkNmY0Yg
"TV LG 48"" Pulgadas 122 Cm OLED48C4 4K-UHD OLED Smart TV",$3.799.900,https://www.alkosto.com/medias/8806091857859-001-310Wx310H?context=bWFzdGVyfGltYWdlc3w4MjI2fGltYWdlL3dlYnB8YURVMEwyZzNaQzh4TkRVMk9UQXhNVFV4TVRNeU5pODRPREEyTURreE9EVTNPRFU1WHpBd01WOHpNVEJYZURNeE1FZ3xkMmM2MzNhMDg2ODJjMzBmNzZkZmUwNGYxY2QyZjUwZGY3YzkxOTFmYjQ0MmJjZjJmNzRkNDY1YTk5NzVjODgw
"TV SAMSUNG 75"" Pulgadas 190.5 cm QN75Q60DA 4K-UHD QLED Smart TV",$4.199.900,https://www.alkosto.com/medias/8806095388359-001-310Wx310H?context=bWFzdGVyfGltYWdlc3wxMzEyMHxpbWFnZS93ZWJwfGFHRmtMMmd3WkM4eE5EVTJNell5TkRZeE5UazJOaTg0T0RBMk1EazFNemc0TXpVNVh6QXdNVjh6TVRCWGVETXhNRWd8YjkwNzRmZGNiZTY4NDJkYWZjZWZhYTQ5NDc4ZmNmZmJmNTg4N2JlZGVjMjIzM2Y5NmRmZDg2ZDE2MWYxZGExMQ
"TV KALLEY 32"" Pulgadas 80 cm K-RTV32HD Smart TV Roku TV",$629.900,https://www.alkosto.com/medias/7705946478663-001-310Wx310H?context=bWFzdGVyfGltYWdlc3w2MzM0fGltYWdlL3dlYnB8YURsakwyaGpaUzh4TkRVNU5qYzNNRFEyTXpjM05DODNOekExT1RRMk5EYzROall6WHpBd01WOHpNVEJYZURNeE1FZ3xiYjI3ODViY2UxN2UzZDhmYjRjMWQxYWZmOWY4ZDI4NzExYTM3NDdhMTUzNmQ1ZjEyZGQxYTRmOWEzMzQyNWQw
"TV LG 65"" Pulgadas 164 Cm 65NANO80TSA 4K-UHD NanoCell Smart TV",$3.099.900,https://www.alkosto.com/medias/8806091860101-001-310Wx310H?context=bWFzdGVyfGltYWdlc3wxMDk0MnxpbWFnZS93ZWJwfGFHWmhMMmd6WkM4eE5EVTBOelEwTXpVME9ERTVNQzg0T0RBMk1Ea3hPRFl3TVRBeFh6QXdNVjh6TVRCWGVETXhNRWd8OTQ4MmMwNDg4Yjk3Yzc0YmY0ZDFhYzMxOWU1ZDkxZmUzMzFjODI5ZjMxYTBkNGM3NzhiZTE4MGMyODZhNTdiMw
"TV SAMSUNG 65"" Pulgadas 165,1 cm QN65Q60DA 4K-UHD QLED Smart TV",$3.099.900,https://www.alkosto.com/medias/8806095388281-001-310Wx310H?context=bWFzdGVyfGltYWdlc3wxNTEzOHxpbWFnZS93ZWJwfGFEZzRMMmhsT0M4eE5EVTJNell4T0RjeE56Y3lOaTg0T0RBMk1EazFNemc0TWpneFh6QXdNVjh6TVRCWGVETXhNRWd8OThmMDc0ZTEyNTcyMmM2YWYyY2JiOTdjYmNkYmE1MTQyODAwZWY4M2ZhOGVhMzZjZTFjMzE3MjQ5ZGMzYjczMA
"TV HYUNDAI 55"" PULGADAS 139,7cm HYLED5524G4KM 4K-UHD LED Smart TV Google",$1.639.900,https://www.alkosto.com/medias/7707138009846-001-310Wx310H?context=bWFzdGVyfGltYWdlc3w2Njk0fGltYWdlL3dlYnB8YURjekwyZ3pOUzh4TkRZME9UUTVNamMyTmpjMU1DODNOekEzTVRNNE1EQTVPRFEyWHpBd01WOHpNVEJYZURNeE1FZ3wwMTgzOGM4ODkzNGIxODU2ZTQyMTc4ZTBhOGFhMTI0MzIzOWFkNzQwMTE2ODE1N2Y3ZTM5MWM1MmQxZTcwNWMy
"TV CHALLENGER 65"" Pulgadas 164 cm LED65HW 4K-UHD LED Smart TV",$2.099.900,https://www.alkosto.com/medias/7705191044330-001-310Wx310H?context=bWFzdGVyfGltYWdlc3wxNDM3NnxpbWFnZS93ZWJwfGFHSmxMMmcyTmk4eE5EVTRNamt5TlRrMU1UQXdOaTgzTnpBMU1Ua3hNRFEwTXpNd1h6QXdNVjh6TVRCWGVETXhNRWd8NTM3YWM0YjVhNWQ2MmI5YjZmZmE0MDk2YTRlYWRmMzExMWNlMmIyZGEyYTQwODFmMTY3NDJjNjNkY2MwNDVlYg
"TV TCL 75"" Pulgadas 190.5 cm 75 C655 Advanced 4K-UHD QLED Smart TV Google",$3.749.900,https://www.alkosto.com/medias/6921732827847-001-310Wx310H?context=bWFzdGVyfGltYWdlc3wxMzgyMHxpbWFnZS93ZWJwfGFEVTVMMmcyT0M4eE5EWTFOelEzT1RjM01ERTBNaTgyT1RJeE56TXlPREkzT0RRM1h6QXdNVjh6TVRCWGVETXhNRWd8ODM4NmIzOTRmOTU2M2U1ZDc0NjlmODJjOTI3YzQzMzllZTMzMWU5NTgxYzcxMWY2NTgwMDUzYmRiM2E3YTVkMA
"TV TCL 43"" Pulgadas 109 cm 43S5400A FHD LED Smart TV Android",$1.099.900,https://www.alkosto.com/medias/6973230611367-001-310Wx310H?context=bWFzdGVyfGltYWdlc3w2ODA0fGltYWdlL3dlYnB8YUdNekwyZzVOeTh4TkRZNE5qYzVPREUxTVRjeE1DODJPVGN6TWpNd05qRXhNelkzWHpBd01WOHpNVEJYZURNeE1FZ3xkN2FiZjBmNjBmMjcxY2YyNWExOWRkMmRlN2U3YTZjYWQzNWNjZTMwNjJmZDdiY2RmZWFjNTNkYWY3ODVlZDVh
"TV TCL 43"" Pulgadas 109 cm 43 C655 Advanced 4K-UHD QLED Smart TV Google",$1.399.900,https://www.alkosto.com/medias/6921732830403-001-310Wx310H?context=bWFzdGVyfGltYWdlc3wxMzc2NnxpbWFnZS93ZWJwfGFEa3dMMmhpTWk4eE5EWTFOelE1TVRVMk5qWXlNaTgyT1RJeE56TXlPRE13TkRBelh6QXdNVjh6TVRCWGVETXhNRWd8YTQ3MDE1OWVlOGQyZTAyOTU5Yjk2YzQyODc3NTYyMWNiOTNmOTdiOTNhYTUzNzRjMDMzNTU4NDQ1ZjE1MjA0Mw
"TV HYUNDAI 50"" Pulgadas 127 cm HYLED5020G4KM 4K UHD LED SMART TV GOOGLE",$1.419.900,https://www.alkosto.com/medias/7707138053986-001-310Wx310H?context=bWFzdGVyfGltYWdlc3w2NzE2fGltYWdlL3dlYnB8YUdSaEwyZ3dOaTh4TkRZME9UVXlOREl5TkRBek1DODNOekEzTVRNNE1EVXpPVGcyWHpBd01WOHpNVEJYZURNeE1FZ3xlZWI3OGU3NjBlYjAxNzhmYWVlOGY0YzVjODA0YzYyMmJlYTI2YmEzNzkwMzViOTg2Y2M2MDg1NDUyZjIyYzM5
"TV CHALLENGER 32"" Pulgadas 80 cm LED32L87 HD LED",$549.900,https://www.alkosto.com/medias/7705191043944-001-310Wx310H?context=bWFzdGVyfGltYWdlc3wxMzAyMHxpbWFnZS93ZWJwfGFEQXlMMmhqWlM4eE5EVTNPRGMyT0RVME16YzNOQzgzTnpBMU1Ua3hNRFF6T1RRMFh6QXdNVjh6TVRCWGVETXhNRWd8OWVjNzc5MDNjYWU0MzBiZjRjZTlmNmYzOThjNGY0NjIxZGUwZGJiYWNmYTllNjNjYjM1NzRjNjA4NTUyMzE4OA
"TV TCL 58"" Pulgadas 147.32 cm 58P635 4K-UHD LED Smart TV Google",$1.899.900,https://www.alkosto.com/medias/6921732812553-001-310Wx310H?context=bWFzdGVyfGltYWdlc3w5MDAwfGltYWdlL3dlYnB8YURaaUwyZ3paUzh4TkRZNE5qYzNOVE0wTlRFNE1pODJPVEl4TnpNeU9ERXlOVFV6WHpBd01WOHpNVEJYZURNeE1FZ3xmNzEwYjQ1NzBhNWYwMWQxMzU1ODMxYmMzNmEyMzM0ZDJmMTBlZjljOGIzNzFiZDhmZDI4MGFhYjk2NThjMTMy
"TV LG 43"" Pulgadas 109 Cm 43UT7300 4K-UHD LED Smart TV",$1.449.900,https://www.alkosto.com/medias/8806084492319-001-310Wx310H?context=bWFzdGVyfGltYWdlc3wxMDc2MnxpbWFnZS93ZWJwfGFERXhMMmhqTVM4eE5EVTJPRGd6TkRnNU1UZ3dOaTg0T0RBMk1EZzBORGt5TXpFNVh6QXdNVjh6TVRCWGVETXhNRWd8YWZmODFlY2M4ZmRkMWUwNzdlYjhjMTczZTI1ZTc2OGM4M2ExYmMxZGU5NjExNzc5NmUxMzViMTNkNzFlYmQ1YQ
"TV PANASONIC 32"" Pulgadas 81 Cm 32MS600 LED HD Plano Smart TV",$719.900,https://www.alkosto.com/medias/8887549849923-001-310Wx310H?context=bWFzdGVyfGltYWdlc3wzNTQ4fGltYWdlL3dlYnB8YUdaakwyZzJaaTh4TkRVM05qUTVOemM0TmpreE1DODRPRGczTlRRNU9EUTVPVEl6WHpBd01WOHpNVEJYZURNeE1FZ3w1YjcxZDA2MGI4MTc2MGFmOWU3YjY5MWYxYjhlMjkzYzQyZDVjMGZjNWEzY2RkN2IwZjY1YmZjYTFjZTdmMTEx
"TV HYUNDAI 65"" Pulgadas 165 cm HYLED6508 4K-UHD LED Smart TV",$2.149.900,https://www.alkosto.com/medias/7707138074004-001-310Wx310H?context=bWFzdGVyfGltYWdlc3w3NTAyfGltYWdlL3dlYnB8YURFMkwyaGxPQzh4TkRVM09EZzVOVEE1TXpjNU1DODNOekEzTVRNNE1EYzBNREEwWHpBd01WOHpNVEJYZURNeE1FZ3w1NTQ0NWFkZjRmNDUyNzJkMDllMDFjZmFjODEyMGFjOWVjNjUwZDZmNWI4YjM0NDc4ZGU3M2UyN2Y3MjAxYjcy
"TV TCL 85"" Pulgadas 215.9 cm 85 C655 PRO Advanced 4K-UHD QLED Smart TV Google",$4.999.900,https://www.alkosto.com/medias/6921732824068-001-310Wx310H?context=bWFzdGVyfGltYWdlc3wxNDYxMnxpbWFnZS93ZWJwfGFHWTJMMmcwWXk4eE5EWTFOelEyTVRneE16STNPQzgyT1RJeE56TXlPREkwTURZNFh6QXdNVjh6TVRCWGVETXhNRWd8ZWFlZTlhY2FiZmE1YjcwNDZiY2VmODBiNWVkMjQ5ODBlMDJhOTMxYTc1ZDkzOWFmMTlkZGQwOWQzYjQwNjc2ZA
"TV HYUNDAI 50"" Pulgadas 127cm HYLED5021QG4KM 4K UHD QLED Smart Tv GOOGLE",$1.549.900,https://www.alkosto.com/medias/7707138089626-001-310Wx310H?context=bWFzdGVyfGltYWdlc3w4NDI0fGltYWdlL3dlYnB8YUdVMUwyZzNZUzh4TkRZME9UVXpNelkyTVRJeE5DODNOekEzTVRNNE1EZzVOakkyWHpBd01WOHpNVEJYZURNeE1FZ3wwYzRiZDJlNTdmMmQ2YTVlOTJjZjI5YjAyZjNiMjllMTY0ZTE5ZGFiZWE0N2ZjMGRkNmFkMTBlZmRmZmUzNDE4
"TV PANASONIC 43"" Pulgadas 109 cm 43NS600 LED FHD Smart TV Google TV",$1.249.900,https://www.alkosto.com/medias/8887549869686-001-310Wx310H?context=bWFzdGVyfGltYWdlc3w1ODIyfGltYWdlL3dlYnB8YURjNUwyZ3pOeTh4TkRVM05qVXdPVFU0TXpNNU1DODRPRGczTlRRNU9EWTVOamcyWHpBd01WOHpNVEJYZURNeE1FZ3xjYWIxMDUyMmZmOGY0YWUyZDdhMTg2YTE2YjhmNTA1YmM3YTVlOTIyNGU0NDc3MDQxZjI3OGViOGQ5YmU2ZWNm
Videoproyector Portátil EPSON EpiqVision FH02 FHD con Android TV Blanco,$2.899.000,https://www.alkosto.com/medias/010343970328-001-310Wx310H?context=bWFzdGVyfGltYWdlc3wxNTU0fGltYWdlL3dlYnB8YUdGbEwyaG1aaTh4TkRNMU9UZzJOelExTnpVMk5pOHdNVEF6TkRNNU56QXpNamhmTURBeFh6TXhNRmQ0TXpFd1NBfDU3ZGEwZTVjYjgzNDE1NWRhMTg0NGZjNWZlZTc0ZTE2Y2E2YzcxYjI1Njg3NGZjY2IwZWZjNThmMTIzODYwZTk
"TV HYUNDAI 60""Pulgadas 152,4cm HYLED6003W 4K UHD LED Smart Tv",$1.849.900,https://www.alkosto.com/medias/7707138033414-001-310Wx310H?context=bWFzdGVyfGltYWdlc3w3NDgwfGltYWdlL3dlYnB8YURnMEwyaGpPQzh4TkRZME9UVXdNVFl4TkRFeE1DODNOekEzTVRNNE1ETXpOREUwWHpBd01WOHpNVEJYZURNeE1FZ3xjNmFhMWI3ZTE2ZWNkYjZkMmUxZmRjNzJiNTFjYTc2ZWU1NGIyZjJiOGQyNzU2YWUyNTk4ODZiNTE0NWU1YzFl
"TV PANASONIC 55"" Pulgadas 139 Cm 55MX700 LED 4K-UHD Plano Smart TV",$1.849.900,https://www.alkosto.com/medias/8887549849886-001-310Wx310H?context=bWFzdGVyfGltYWdlc3w5NTIwfGltYWdlL3dlYnB8YUdZNUwyZzVZUzh4TkRVM05qUTNOREEyTWpnM09DODRPRGczTlRRNU9EUTVPRGcyWHpBd01WOHpNVEJYZURNeE1FZ3xkODU0YmUyYTk4ZmY2NWU0YzBjYzk1YTU2MGNhY2ZmZGM3MGU5YmE3MzEyNzQ4OTliYzFjNGY3Y2FlM2IyODk4
"TV LG 65"" Pulgadas 165 Cm OLED65B4 4K-UHD OLED Smart TV",$6.499.900,https://www.alkosto.com/medias/8806091982957-001-310Wx310H?context=bWFzdGVyfGltYWdlc3w2ODM0fGltYWdlL3dlYnB8YURGa0wyaG1aQzh4TkRVMk9UQTNNRGc0TmprME1pODRPREEyTURreE9UZ3lPVFUzWHpBd01WOHpNVEJYZURNeE1FZ3xjODhiZjljNzZmZDgzNTg5Y2M3NmU2NzkxZjYyOWZmZTRkOGQxYjM3ZDA0YTg3YzBkM2M5OTBmZmYzMDY3MmM4
"TV SAMSUNG 65"" Pulgadas 165.1 cm F-QN65LS03D 4K-UHD QLED THE FRAME Smart TV (Incluye marco color caoba VG-SCFA55TKBRU)",$4.999.900,https://www.alkosto.com/medias/8806095715438-001-310Wx310H?context=bWFzdGVyfGltYWdlc3w5ODIyfGltYWdlL3dlYnB8YURGa0wyZzNNQzh4TkRVMk16Y3lNRFk1TVRjME1pODRPREEyTURrMU56RTFORE00WHpBd01WOHpNVEJYZURNeE1FZ3w1YzEzMDY0OGJjNzNhMWIzOWMyNWUyOWNmZDFlOGFjYzkzY2ZiNjQzZWM1YTJlNjg1YTQ2YjgzZTEyNWQ2ZDU5
"TV LG 65"" Pulgadas 165 Cm 65UT9050 4K-UHD LED Smart TV",$2.999.900,https://www.alkosto.com/medias/8806091909732-001-310Wx310H?context=bWFzdGVyfGltYWdlc3w4ODM4fGltYWdlL3dlYnB8YURFekwyZzVOUzh4TkRVMk9UQTBOell5TVRZMk1pODRPREEyTURreE9UQTVOek15WHpBd01WOHpNVEJYZURNeE1FZ3w5NzZjZDVhN2E4M2I0ZjY5NDIzMTljODRjZGE1NjAxNGNmZDFkM2NjNmExODJhMmI1ZTQxYmExMzc2ZTc0YWQ5
"TV LG 55"" Pulgadas 140 Cm OLED55B4 4K-UHD OLED Smart TV",$4.799.900,https://www.alkosto.com/medias/8806091983398-001-310Wx310H?context=bWFzdGVyfGltYWdlc3w2NzY2fGltYWdlL3dlYnB8YUdFeUwyZzVPUzh4TkRVMk9UQTRNalk0TXpReU1pODRPREEyTURreE9UZ3pNems0WHpBd01WOHpNVEJYZURNeE1FZ3w1ODJjM2IwNTc4NTFiNjllNGM5NTM2NTU0NTg3MzkwNjliZGI5YThiNDEyM2MxZTI4NmNjNzcwNGQ0OTc0Y2Fi
"TV PANASONIC 50"" Pulgadas 127 Cm 50MX700 LED 4K-UHD Plano Smart TV",$1.599.900,https://www.alkosto.com/medias/8887549849893-001-310Wx310H?context=bWFzdGVyfGltYWdlc3w5NDY4fGltYWdlL3dlYnB8YUdGbEwyaGpZUzh4TkRVM05qUTNPVGsyTVRFeE9DODRPRGczTlRRNU9EUTVPRGt6WHpBd01WOHpNVEJYZURNeE1FZ3w4NjZkOGY1ODFlZmQ2MDIxZGE1YmI2MDc2MzAwNTU0NTBmZmU3Y2VlNGJlZTEyOTMzOTUwODQyNmM0MDhjNzUy
"TV SAMSUNG 55"" Pulgadas 139.7 cm QN55S90D 4K-UHD OLED Smart TV",$5.499.900,https://www.alkosto.com/medias/8806095499048-001-310Wx310H?context=bWFzdGVyfGltYWdlc3wxMzgzOHxpbWFnZS93ZWJwfGFEUTFMMmc0TWk4eE5EVTJNelk1TmpJME5qZ3hOQzg0T0RBMk1EazFORGs1TURRNFh6QXdNVjh6TVRCWGVETXhNRWd8ZTA3Y2JkNGRiZWJhODRhZjM2MTE2ZDJhNmNmMGQ1NTk2NjdhYTkyMTEwMjU5N2I2NWJiZmNlMWUxMDczMGNmZA
"TV LG 55"" Pulgadas 140 Cm OLED55C4 4K-UHD OLED Smart TV",$5.999.900,https://www.alkosto.com/medias/8806091857224-001-310Wx310H?context=bWFzdGVyfGltYWdlc3w4OTA0fGltYWdlL3dlYnB8YUdRd0wyaGhOeTh4TkRVMk9UQXdOVFl4TXpBNE5pODRPREEyTURreE9EVTNNakkwWHpBd01WOHpNVEJYZURNeE1FZ3xjZDUwZThhOWE3OGU5YzBmZjI1ZDM4ZjE2YTM4MjMxZTYzN2VhMmEyZWQyY2JmNmYwOGE1NjZkYjFlMjY1MTgz
"TV PANASONIC 65"" Pulgadas 165 Cm 65MX700 LED 4K-UHD Plano Smart TV",$2.399.900,https://www.alkosto.com/medias/8887549849879-001-310Wx310H?context=bWFzdGVyfGltYWdlc3w5MzkwfGltYWdlL3dlYnB8YURKaUwyZzRZUzh4TkRVM05qUTJPREUyTkRZek9DODRPRGczTlRRNU9EUTVPRGM1WHpBd01WOHpNVEJYZURNeE1FZ3xkNTI4YmZmMjNlZTcxM2NlYTQ5ZTRlYmY1N2EwYTk3MjFkMDgwYTVhMTJiYzNlZmExN2ZkNzBkNzJiYzQzODhl
"TV HYUNDAI 65"" Pulgadas 165,1cm HYLED6511QG4KM 4K UHD QLED Smart TV Google",$2.449.900,https://www.alkosto.com/medias/7707138032813-001-310Wx310H?context=bWFzdGVyfGltYWdlc3w4Njc0fGltYWdlL3dlYnB8YURaakwyZzVNQzh4TkRVM09EZ3pNek0xT0RnM09DODNOekEzTVRNNE1ETXlPREV6WHpBd01WOHpNVEJYZURNeE1FZ3xjNTQyNmFhNDg2NzkwY2EwYTYxMDMzNDM1NDQ1MTZhNzI1ZmRkMDU5ODc4MDM5YmNkNjU1NWM0ZGY0Zjk4YTcz
"TV LG 50"" Pulgadas 126 Cm 50QNED75SRA 4K-UHD QNED Smart TV",$1.999.900,https://www.alkosto.com/medias/8806091850614-001-310Wx310H?context=bWFzdGVyfGltYWdlc3wxMTk3OHxpbWFnZS93ZWJwfGFEa3pMMmhoWlM4eE5EVTJPRGt6TmpRd056QTNNQzg0T0RBMk1Ea3hPRFV3TmpFMFh6QXdNVjh6TVRCWGVETXhNRWd8ODQ3YzA1MjJlOThmYzEyNzRkMzZjZjVhMDc2NThiNGU0NThkYjZkODVmYTEyNzJkYjk1NWQ0MmQ3Mjg3YTM1Yw
"TV KALLEY 70"" Pulgadas 177 cm K-GTV70UHDQ 4K-UHD QLED Smart TV Google",$2.799.900,https://www.alkosto.com/medias/7705946478953-001-310Wx310H?context=bWFzdGVyfGltYWdlc3w1NjA4fGltYWdlL3dlYnB8YURsaEwyaGlZaTh4TkRVNE16QTFOamsxTnpRM01DODNOekExT1RRMk5EYzRPVFV6WHpBd01WOHpNVEJYZURNeE1FZ3wyZDQxYmUwMmU0OWRjNTk1YmZkZjg5NmYxZDQ5YWViN2I2ODIxMjY0NTM0MDhkYzkwZDY2NzUzZDNhNDI1ZTIw
"TV SAMSUNG 85"" Pulgadas 215,9 cm DU8000 4K UHD LED Smart TV",$5.999.900,https://www.alkosto.com/medias/8806095483139-001-310Wx310H?context=bWFzdGVyfGltYWdlc3wxMzA2OHxpbWFnZS93ZWJwfGFEVXdMMmd6Wmk4eE5EVTJNelkzT0RVMU1qQTVOQzg0T0RBMk1EazFORGd6TVRNNVh6QXdNVjh6TVRCWGVETXhNRWd8MGVhMzBiMTM4ZWVmNjdkN2VlOWZlMTNlMzNiYTY0ODI5NGQxNjQzNDJlNjJjMWJkMzI3M2Y1YjEwYjllNTVkNA
"TV TCL 55"" Pulgadas 139 cm 55 P755 4K-UHD LED Smart TV Google",$1.929.900,https://www.alkosto.com/medias/6921732822132-001-310Wx310H?context=bWFzdGVyfGltYWdlc3wxNDE2NnxpbWFnZS93ZWJwfGFHSmtMMmcyTnk4eE5EWTFOek01TXpnMU1qUTBOaTgyT1RJeE56TXlPREl5TVRNeVh6QXdNVjh6TVRCWGVETXhNRWd8NWFjMjIyZmNmMDEyMWRjMjAxODRlNDVlOThkMjljN2NlZDdjNjlhMDkxZjI4YWZhNGU3OTE5MjM3ZmQ5ZWY2Yg
"TV TCL 50"" Pulgadas 127 cm 50P755 Classic 4K-UHD LED Smart TV Google",$1.629.900,https://www.alkosto.com/medias/6921732824020-001-310Wx310H?context=bWFzdGVyfGltYWdlc3wxNDAyNnxpbWFnZS93ZWJwfGFEZzBMMmhtTXk4eE5EWTFOelExTURZd05qWXlNaTgyT1RJeE56TXlPREkwTURJd1h6QXdNVjh6TVRCWGVETXhNRWd8MTNlYzI2Yjc3OTVjMWRiMTUwMTRiOTM1YjRmZTEwMjNhYzU3MDEzNDAyNDZhNzhmOWU0NzY0NTI4NjljZjhhOQ
"TV LG 55"" Pulgadas 139 Cm 55UT7300 4K-UHD LED Smart TV",$1.899.900,https://www.alkosto.com/medias/8806084525482-001-310Wx310H?context=bWFzdGVyfGltYWdlc3wxMjkyOHxpbWFnZS93ZWJwfGFEZzNMMmhtTkM4eE5EVXlOVEkyTnpRME16YzBNaTg0T0RBMk1EZzBOVEkxTkRneVh6QXdNVjh6TVRCWGVETXhNRWd8OGVhNzBmMjY3NDBkZGE3ZjIzM2EyN2M2NDU0OTcxMDQ2OWQ2MmMxMDFhODk5NDliYmFjYzRlOTA4OTQ4M2EyZQ
"TV SAMSUNG 77"" Pulgadas 195.5 cm QN77S90D 4K-UHD OLED Smart TV + Barra HW-Q800D/ZL",$11.999.900,https://www.alkosto.com/medias/8806095694856-001-310Wx310H?context=bWFzdGVyfGltYWdlc3wxMzUyNnxpbWFnZS93ZWJwfGFEWTNMMmhpWVM4eE5EVTJNemN3T0RnNU5USTJNaTg0T0RBMk1EazFOamswT0RVMlh6QXdNVjh6TVRCWGVETXhNRWd8ZTc1MjNiOGFmY2E5Y2UwNDNhNDZjNDRkNjFmMTIyOTk3YzdhNTMwZjM3M2ZhMGJkNjY0M2M2NWVmM2M2MjFlNg
"TV SAMSUNG 65"" Pulgadas 165.1 cm QN65S90D 4K-UHD OLED Smart TV",$7.599.900,https://www.alkosto.com/medias/8806095578385-001-310Wx310H?context=bWFzdGVyfGltYWdlc3wxNDI0NnxpbWFnZS93ZWJwfGFERTJMMmhsWkM4eE5EVXdOemcyTmpRNE9EZzJNaTg0T0RBMk1EazFOVGM0TXpnMVh6QXdNVjh6TVRCWGVETXhNRWd8NDI2ZWRhOTNiODU1ODVkZDZmY2E2NzdhNTJkZmEzZGIyNzU5Y2YyMjQ4MmExYjRmODZjZmUyMTgxNTI0ZjM2MA
"TV TCL 32"" Pulgadas 81 cm 32S5400AF FHD LED Smart TV Android",$739.900,https://www.alkosto.com/medias/6973230611343-001-310Wx310H?context=bWFzdGVyfGltYWdlc3w2ODYyfGltYWdlL3dlYnB8YUdVM0wyaGhNUzh4TkRZNE5qYzROekUwTVRZMk1pODJPVGN6TWpNd05qRXhNelF6WHpBd01WOHpNVEJYZURNeE1FZ3w1ZmU0NDRmMzYyMTQwZTgyMWJiYmRmNTg5ODMwYTU0MTE5NDkzMjg1YjlhZWMyNWJkNzFiNGM3YTNjODE4OGZm
"TV SAMSUNG 55"" Pulgadas 139.7 cm QN55Q80D 4K-UHD QLED Smart TV",$3.099.900,https://www.alkosto.com/medias/8806095660325-001-310Wx310H?context=bWFzdGVyfGltYWdlc3wxMzM2MnxpbWFnZS93ZWJwfGFHSXlMMmhtWkM4eE5EWXlOalU0T1Rnek5USTVOQzg0T0RBMk1EazFOall3TXpJMVh6QXdNVjh6TVRCWGVETXhNRWd8YTc1MDY5Y2U3Y2I3MjhmYTE2MDQ5ZGUyYmI3OTliNzJjN2U3OTIwYmMzODRjZjc4YmRiNmE3ZTU5N2E2MzhlYQ
"TV SAMSUNG 65"" Pulgadas 165.1 cm QN65Q80D 4K-UHD QLED Smart TV",$3.999.900,https://www.alkosto.com/medias/8806095660332-001-310Wx310H?context=bWFzdGVyfGltYWdlc3wxMzMwOHxpbWFnZS93ZWJwfGFHUTRMMmd5TWk4eE5EWXlOalU1TlRjek16VXpOQzg0T0RBMk1EazFOall3TXpNeVh6QXdNVjh6TVRCWGVETXhNRWd8ZGQ4MTZiOTk5ZDY2ZjJmNjJjZDk3NmQxNmU4ZmU5ODA3ZGJkMDMzM2M0N2MzZmJjNDg5OTU4MjkzOGJmNGFiYw
"TV LG 83"" Pulgadas 210 Cm OLED83C4 4K-UHD OLED Smart TV",$17.999.900,https://www.alkosto.com/medias/8806091983183-001-310Wx310H?context=bWFzdGVyfGltYWdlc3w4ODUyfGltYWdlL3dlYnB8YURneUwyZzRZaTh4TkRVMk9UQTNOamM0TlRFNE1pODRPREEyTURreE9UZ3pNVGd6WHpBd01WOHpNVEJYZURNeE1FZ3xjNzU5N2FiZjE2NjljOWRkYzU4NTA0ZGQxNGY1ODgxMmUxZDQzMmRkZTZmMjQ1ODNhODJjMzQyNjE4MmRjOWZi
"TV LG 65"" Pulgadas 165 Cm OLED65C4 4K-UHD OLED Smart TV",$7.999.900,https://www.alkosto.com/medias/8806091856678-001-310Wx310H?context=bWFzdGVyfGltYWdlc3w4NTY4fGltYWdlL3dlYnB8YURabEwyaGhZUzh4TkRVMk9EazJNRFkxTlRNNU1DODRPREEyTURreE9EVTJOamM0WHpBd01WOHpNVEJYZURNeE1FZ3wwZTNhY2YxMTQ0MzM2ODJhMjM0MzY2NzhjNjM5MDBjODE4M2Q2MTc4MDc5OTk5OWQyYjA0YmExZjIwZWFlMDQz
"TV SAMSUNG 75"" Pulgadas 190.5 cm 75DU7000 4K-UHD LED Smart TV",$3.499.900,https://www.alkosto.com/medias/8806095482033-001-310Wx310H?context=bWFzdGVyfGltYWdlc3wxMTc3OHxpbWFnZS93ZWJwfGFHTXlMMmcyTUM4eE5EVTJNelkyTURRMk5ERTFPQzg0T0RBMk1EazFORGd5TURNelh6QXdNVjh6TVRCWGVETXhNRWd8ODU5MmJiYzE1ZDhkOGQzMDZiNWZmZmZiMmJiYjlhODIxNTU0MDExZTQ4ZDhhNmFkYzkyZmFlNjM3NDFiYTgyNw
"TV LG 86"" Pulgadas 217 Cm 86NANO80TSA 4K-UHD NanoCell Smart TV",$6.699.900,https://www.alkosto.com/medias/8806091857293-001-310Wx310H?context=bWFzdGVyfGltYWdlc3wxMjEwOHxpbWFnZS93ZWJwfGFHSTRMMmc1WVM4eE5EVTBOelF6TVRVMU5URXdNaTg0T0RBMk1Ea3hPRFUzTWprelh6QXdNVjh6TVRCWGVETXhNRWd8MDY0Yjg3YTdiYTg4ZDM0Mjg0YzQwMDY0MDYzMjEyZmI0NmI5MDJmYjg3ODNlMGM4YWRlMjA5NmUxYmJlN2RmZg
TV SAMSUNG 40 Pulgadas 102 cm UN40T5290AKXZL FHD LED Smart TV,$1.099.900,https://www.alkosto.com/medias/8806092312937-001-310Wx310H?context=bWFzdGVyfGltYWdlc3w3NjIwfGltYWdlL3dlYnB8YUROa0wyZ3hOUzh4TkRVMk16QXpORFkyTURnNU5DODRPREEyTURreU16RXlPVE0zWHpBd01WOHpNVEJYZURNeE1FZ3xhYjgzZDg5YWFjMmM1ODZkNTllODNlYTgwYzNiNzEwOWJhMzQzNDJiYzAwMjdiYmVhMzM0MWMwYTVmMDg5Yzk4
"TV TCL 98"" Pulgadas 248,9 cm 98P755 4K-UHD LED Smart TV Google",$7.990.000,https://www.alkosto.com/medias/6921732820565-001-310Wx310H?context=bWFzdGVyfGltYWdlc3wxMzEwMHxpbWFnZS93ZWJwfGFEWTNMMmhpWkM4eE5EWTFOek00TnprMU5ESXdOaTgyT1RJeE56TXlPREl3TlRZMVh6QXdNVjh6TVRCWGVETXhNRWd8ZmNhODMxNWY3M2RhYmM5OTBlMDVkMjVlN2I2NmJkNmVhYTRhZjRjNDQ3Y2NjYTI2NWNhZDRlZDViNTIyMDk2Ng
"TV HYUNDAI 70"" Pulgadas 177,8cm HYLED7003G4KM UHD LED Smart TV Google",$2.699.900,https://www.alkosto.com/medias/7707138044939-001-310Wx310H?context=bWFzdGVyfGltYWdlc3w2Nzg4fGltYWdlL3dlYnB8YURreEwyZzBaaTh4TkRVM09EZzFOalF5TnpVMU1DODNOekEzTVRNNE1EUTBPVE01WHpBd01WOHpNVEJYZURNeE1FZ3w5ZTBmZWFkNzg2ZWYwNDAyODlmM2I2NmUwMjY5MjA2ZmZjMzU2NzkwODk4MGZjYTk5NzJlMTYyNmQyZGI4YWNh
"TV SAMSUNG 85"" Pulgadas 215,9 cm QN85Q65DA 4K-UHD QLED Smart TV",$7.099.900,https://www.alkosto.com/medias/8806095389141-001-310Wx310H?context=bWFzdGVyfGltYWdlc3wxNDgxMnxpbWFnZS93ZWJwfGFESmpMMmhqWkM4eE5EVTJNell6TURVeE5ESXdOaTg0T0RBMk1EazFNemc1TVRReFh6QXdNVjh6TVRCWGVETXhNRWd8OGIxNGFmNmU2YmQ5YzA0N2FiYzUzNTg3MTdiNzk3NTI4NzBjZGQ2NTk4MmYyMTdkOGQ5Mjk0Y2QwODQyMDIyYw
"TV CHALLENGER 55"" Pulgadas 139 cm LED55BO67 4KUHD LED Smart TV Android",$1.599.900,https://www.alkosto.com/medias/7705191044743-001-310Wx310H?context=bWFzdGVyfGltYWdlc3w3NjI0fGltYWdlL3dlYnB8YURsa0wyaGpOUzh4TkRjd05ESTBNak0yTURNMU1DODNOekExTVRreE1EUTBOelF6WHpBd01WOHpNVEJYZURNeE1FZ3wzZDA4MDkyMGQ1NTgwYTNlMGJiMTE4ZDhiYzQwZTliMTAzZDliNTczOGRmMzhkYjA2NDhhY2M3YjhlOGIxMzdh
"TV PANASONIC 43"" Pulgadas 109 cm 43NX700 LED 4K-UHD Smart TV Google TV",$1.399.900,https://www.alkosto.com/medias/8887549869716-001-310Wx310H?context=bWFzdGVyfGltYWdlc3w1MTA4fGltYWdlL3dlYnB8YURZeEwyaGhNeTh4TkRVM05qVXhOVFE0TVRZek1DODRPRGczTlRRNU9EWTVOekUyWHpBd01WOHpNVEJYZURNeE1FZ3w3MzViM2M4ODg2MzY5MmFhYTc4M2YwZGU4YzBjYmRlYThkZGVlOWJhODA0MDIwNjllNGE2MjU2ZTAwOWJkNTgx
"TV SAMSUNG 50"" Pulgadas 127 cm QN50QN90D 4K-UHD NEO QLED MINI LED Smart TV Gaming",$3.899.900,https://www.alkosto.com/medias/8806095386010-001-310Wx310H?context=bWFzdGVyfGltYWdlc3wxMTI1OHxpbWFnZS93ZWJwfGFESTVMMmczTVM4eE5EVTJNell4TWpneE9UUTROaTg0T0RBMk1EazFNemcyTURFd1h6QXdNVjh6TVRCWGVETXhNRWd8NGZlYjY0ZDljMmViYzkyMjAzMDhmOGU0OWFkYjNhYWYwNTU0OWU3MjIzMjg0ZmZiYTY1ZDQzMDNmYjM2OGJkOA
"TV PANASONIC 50"" Pulgadas 127 cm 50NX700 LED 4K-UHD Smart TV Google TV",$1.799.900,https://www.alkosto.com/medias/8887549869747-001-310Wx310H?context=bWFzdGVyfGltYWdlc3w0OTc2fGltYWdlL3dlYnB8YURCbEwyZzVOaTh4TkRVM05qVXlNVGsyT1RZNU5DODRPRGczTlRRNU9EWTVOelEzWHpBd01WOHpNVEJYZURNeE1FZ3xmMDczNTk2YmQxZTVmN2ViMTU4MjY3YTBmZDkxMTdhMmVjNzdkNTQwMjY1OGZjZmY0OGQ2ZWUzMGU2MTQ3Mjk5
"TV PANASONIC 55"" Pulgadas 139 cm 55NX700 LED 4K-UHD Smart TV Google TV",$2.049.900,https://www.alkosto.com/medias/8887549869778-001-310Wx310H?context=bWFzdGVyfGltYWdlc3w1MTQyfGltYWdlL3dlYnB8YURreEwyaG1NaTh4TkRVM05qVXlOemcyTnprek5DODRPRGczTlRRNU9EWTVOemM0WHpBd01WOHpNVEJYZURNeE1FZ3xmNmZkNWY5ZGVjZTE2OTc1MzQ0ZWI1NjA0NTg1MjZjYjhhZmRhODE3ZjUxYjQwYjQ1N2Y3NTVkM2QxMmI0MDYy
"TV SAMSUNG 75"" Pulgadas 190.5 cm F-QN75LS03D 4K-UHD QLED THE FRAME Smart TV (Incluye marco color caoba VG-SCFA55TKBRU)",$6.799.900,https://www.alkosto.com/medias/8806095715452-001-310Wx310H?context=bWFzdGVyfGltYWdlc3w5NzU4fGltYWdlL3dlYnB8YURKbEwyZ3dOeTh4TkRVMk16Y3lOalU0T1RrNE1pODRPREEyTURrMU56RTFORFV5WHpBd01WOHpNVEJYZURNeE1FZ3xhMjZkYWFhNjdmMjIzMDk5YjMxODFhOTlmYzVkZjYzNzQzMmRmNjQ4NWRhMjMxOTY0MzViMTkwNGUyNDBiZGZm
"TV SAMSUNG 55"" Pulgadas 139.7 cm F-QN55LS03D 4K-UHD QLED THE FRAME Smart TV (Incluye marco color caoba VG-SCFA55TKBRU)",$3.999.900,https://www.alkosto.com/medias/8806095715414-001-310Wx310H?context=bWFzdGVyfGltYWdlc3w5NzAyfGltYWdlL3dlYnB8YUdKa0wyZzJZUzh4TkRVMk16Y3hORGM1TXpVd01pODRPREEyTURrMU56RTFOREUwWHpBd01WOHpNVEJYZURNeE1FZ3xmZWRlMzg1NGJjNDUxZmJmMTVhNjlkNGU0ZDNjNTMzNzgzMWJmOWU3ZGM0ZmI5Mjg5OWUyNzkzNzQ1NmIyOWFj
"TV HYUNDAI 58""Pulgadas 147,32 Cm HYLED5810H4KM 4K UHD LED Smart TV",$1.649.900,https://www.alkosto.com/medias/7707138036767-001-310Wx310H?context=bWFzdGVyfGltYWdlc3w2NjE4fGltYWdlL3dlYnB8YUdabUwyaGtNeTh4TkRZME9UVXhNelF4TURVNU1DODNOekEzTVRNNE1ETTJOelkzWHpBd01WOHpNVEJYZURNeE1FZ3xlY2Q2YWEwNjBlYzQ3ZmI4Y2UzZjVjN2QwYjQzNzY4M2Y4MzQ4YWE5NmVlODcyNWIwZjM4NWNiYzZiMDk5ODll
"TV HYUNDAI 86"" Pulgadas 218,44cm HYLED8601QW 4K UHD QLED Smart TV",$5.399.900,https://www.alkosto.com/medias/7707138006852-001-310Wx310H?context=bWFzdGVyfGltYWdlc3w4MTk2fGltYWdlL3dlYnB8YURObUwyaG1PUzh4TkRVM09EZ3hNVEkzTXpJME5pODNOekEzTVRNNE1EQTJPRFV5WHpBd01WOHpNVEJYZURNeE1FZ3w1YjRkNDlkMGE1ODZkNGQ2NzYxZmI3OTBhNWQzYzgyMzA0NWI2ZWY2OTQ1NDNkOTRjNGUyNzQyOWFkNjA0YmJk
"TV SAMSUNG 32"" Pulgadas 81 cm 32T4300 HD LED Smart TV",$899.900,https://www.alkosto.com/medias/8806090380082-001-310Wx310H?context=bWFzdGVyfGltYWdlc3w2NjM0fGltYWdlL3dlYnB8YURFekwyaGhNUzh4TkRVMk1qZzVOelUxT1RVNE1pODRPREEyTURrd016Z3dNRGd5WHpBd01WOHpNVEJYZURNeE1FZ3wyMWIzYzI5NGFmZDEyYjQ2NmVlNmU4YzRlYTE4NGEwN2IyNjlhNDM2ZTBjNzkzZGI3YjcxMWJlOGVmNjQ4ZjU3
"TV SAMSUNG 65"" Pulgadas 165.1 cm QN65QN85DB 4K-UHD NEO QLED MINI LED Smart TV",$6.299.900,https://www.alkosto.com/medias/8806095459721-001-310Wx310H?context=bWFzdGVyfGltYWdlc3wxMDAyOHxpbWFnZS93ZWJwfGFEQmtMMmhoWWk4eE5EVTJNelkwT0RZMk56WTNPQzg0T0RBMk1EazFORFU1TnpJeFh6QXdNVjh6TVRCWGVETXhNRWd8ZjQ2MDJlZmM3NGFjZmMzNjIyN2MzMDkyYTQwNjQzNDA0OGQxMDAyZGY5MmMyZjY0ZDVjOWZlZDUyMzgzOTZiMQ
"TV PANASONIC 32"" Pulgadas 81 cm 32NS700 LED HD Smart TV Google TV",$799.900,https://www.alkosto.com/medias/8887549869655-001-310Wx310H?context=bWFzdGVyfGltYWdlc3w1ODgyfGltYWdlL3dlYnB8YUdVMUwyZ3paaTh4TkRVM05qVXdNelk0TlRFMU1DODRPRGczTlRRNU9EWTVOalUxWHpBd01WOHpNVEJYZURNeE1FZ3wwNWM2YmQwMmI5Nzk4ZTFkNDYzNjg0OTNhN2QzZjU4MzA1M2Q1ZDE2YTQzNmNmNTlhMDExYjdmNDM0ZjAzNTg0
"TV LG 86"" Pulgadas 218 Cm 86QNED80 4K-UHD QNED Smart TV",$7.999.900,https://www.alkosto.com/medias/8806091980748-001-310Wx310H?context=bWFzdGVyfGltYWdlc3wxMTk3MnxpbWFnZS93ZWJwfGFEQTNMMmd5T0M4eE5EVTJPVEEyTkRrNE9EY3dNaTg0T0RBMk1Ea3hPVGd3TnpRNFh6QXdNVjh6TVRCWGVETXhNRWd8MzkwYWI1ZTMwMzcxMWNhNTAxNTk3NzlmNzBhMjUzNzM3ODJjOGNhNDJhMjA3YThmNjFiOThiZWE0MmJlNGJmNw
"TV SAMSUNG 55"" Pulgadas 139,7 cm QN55QN85DB 4K-UHD NEO QLED MINI LED Smart TV",$4.099.900,https://www.alkosto.com/medias/8806095459875-001-310Wx310H?context=bWFzdGVyfGltYWdlc3wxMDEzMnxpbWFnZS93ZWJwfGFERTNMMmczWVM4eE5EVTJNelkxTkRVMk5Ua3hPQzg0T0RBMk1EazFORFU1T0RjMVh6QXdNVjh6TVRCWGVETXhNRWd8N2VhNTUyNTJmN2U3MTkwNTBkZWY5OTgxZGQ3NzY1ZGZiYzg2ZmNhM2M2MjAzN2QwNTFkZTRmZjdmY2QzYTYxNQ
"TV LG 77"" Pulgadas 195 Cm OLED77B4 4K-UHD OLED Smart TV",$9.499.900,https://www.alkosto.com/medias/8806091983213-001-310Wx310H?context=bWFzdGVyfGltYWdlc3w3NzA0fGltYWdlL3dlYnB8YURVMUwyZzBZUzh4TkRRNU56QTBOREF3TkRnNU5DODRPREEyTURreE9UZ3pNakV6WHpBd01WOHpNVEJYZURNeE1FZ3w3Y2U2MzA3Yjk0OTc2ZGM4ZjI5ZmI2MTMyOTJiYWNjOWM0NGExZDE5ZmVkOWI5YzUzY2VlMWU0Nzc3YjBhZDNi
"TV SAMSUNG 98"" Pulgadas 248.9 cm UN98DU9000 4K-UHD Smart TV",$13.999.900,https://www.alkosto.com/medias/8806095542898-001-310Wx310H?context=bWFzdGVyfGltYWdlc3wxMTk5MnxpbWFnZS93ZWJwfGFEVmpMMmhpTWk4eE5EVTJNemN3TWpFME5UQTFOQzg0T0RBMk1EazFOVFF5T0RrNFh6QXdNVjh6TVRCWGVETXhNRWd8YjIyYjRkZWM0MmU5NWU5M2U5OWEyOGY4YzZlYWE1OWIwNGRkNDk5MzQyYWNmMDllMzRkNzg1ODY0Y2Q3MGExZQ
TV SAMSUNG 65 Pulgadas 165.1 cm QN65QN800D 8K NEO QLED MINI LED Smart TV,$8.999.900,https://www.alkosto.com/medias/8806095465937-001-310Wx310H?context=bWFzdGVyfGltYWdlc3wxMzg3NnxpbWFnZS93ZWJwfGFEQmhMMmc1TUM4eE5EUTBPRGszTVRFMU16UXpPQzg0T0RBMk1EazFORFkxT1RNM1h6QXdNVjh6TVRCWGVETXhNRWd8OGNlNWU4Nzg1MGZmNTNiZjNiMjk2OWRkNWRhYzU5MjAzZTA1NDJkZGMxNzY2NjFmNGQ3YTlkMTRhOTI2NmRlNQ
"TV TCL 98"" Pulgadas 248.9 cm 98 C655 Advanced 4K-UHD QLED Smart TV Google",$8.990.000,https://www.alkosto.com/medias/6921732835798-001-310Wx310H?context=bWFzdGVyfGltYWdlc3wxMzYwMHxpbWFnZS93ZWJwfGFHSTVMMmhsTmk4eE5EWTROamM0TVRJME16UXlNaTgyT1RJeE56TXlPRE0xTnprNFh6QXdNVjh6TVRCWGVETXhNRWd8ZjA5ZDZkZmZjMDA2NGY2MWM1NjBjMmQyNTQ5Y2U0ZDg0Njg5NDBmOTZhN2ZjNDU4NDkyZWZjZWU5MDBjMjY4Mg
"TV STREAMING LG 27"" Pulgadas 69 Cm 27ART10A FHD Smart TV",$3.949.900,https://www.alkosto.com/medias/8806096016299-001-310Wx310H?context=bWFzdGVyfGltYWdlc3wyMDEwfGltYWdlL3dlYnB8YUdabEwyaGxaUzh4TkRVMk9UQTRPRFU0TVRZMk1pODRPREEyTURrMk1ERTJNams1WHpBd01WOHpNVEJYZURNeE1FZ3xhNmE2MjAzNjY4MTM3MDU4MTJiYjU2MzU4ZWI0M2Q3OGI4M2I2MDFkYjM5NGZkNTg0YTYwMzU0ZjEzZTVmOTlm
"TV KALLEY 85"" Pulgadas 214.8 cm K-GTV85UHDQ 4K UHD QLED Smart TV Google",$4.999.900,https://www.alkosto.com/medias/7705946478243-001-310Wx310H?context=bWFzdGVyfGltYWdlc3w1Nzk2fGltYWdlL3dlYnB8YURobUwyaG1OUzh4TkRZeU9URXpNakUzTXpNME1pODNOekExT1RRMk5EYzRNalF6WHpBd01WOHpNVEJYZURNeE1FZ3wyYmFiOGQxMGYzYzg5YjY5ZTdhZWY3YmRjMGZhNmY5OTczNTAyMTBjZDA4MmY2NTA5YTA2YjI3ZjdmOTQ2ODY1
"TV KALLEY 58"" Pulgadas 147 cm K-GTV58UHDQ 4K-UHD QLED Smart TV Google",$1.849.900,https://www.alkosto.com/medias/7705946478946-001-310Wx310H?context=bWFzdGVyfGltYWdlc3w1Nzc2fGltYWdlL3dlYnB8YURka0wyZ3paQzh4TkRVNE16QTFNRGcyTWpZeU1pODNOekExT1RRMk5EYzRPVFEyWHpBd01WOHpNVEJYZURNeE1FZ3xhZWQ5M2IwMDMzZDYxZTRjNDRiYzQ2ZjNhNDIzM2EwMGY0ZmVjODQxYmQ3ODU5MmFmMjZjMTI2MWRiMzNmY2Vl
"TV SAMSUNG 98"" Pulgadas 248.9 cm QN98Q80C 4K-UHD QLED Smart TV + Barra de Sonido SAMSUNG HW-Q930C",$24.499.900,https://www.alkosto.com/medias/8806095216485-001-310Wx310H?context=bWFzdGVyfGltYWdlc3wxMjczNnxpbWFnZS93ZWJwfGFHTmhMMmhpWkM4eE5EVTJNell3TmpZMU9URXdNaTg0T0RBMk1EazFNakUyTkRnMVh6QXdNVjh6TVRCWGVETXhNRWd8NmUzZDRiOTllZTg5ZjhkODgzMjMxNDg4MDk2NGVjNzczNTliZTY2ODRkMmM1NTlhOTA5ZjU3YzkyYTFhMjQ4Mg
"TV LG 75"" Pulgadas 191 Cm 75QNED85 4K-UHD QNED Smart TV",$5.999.900,https://www.alkosto.com/medias/8806091888105-001-310Wx310H?context=bWFzdGVyfGltYWdlc3wxMjg5MHxpbWFnZS93ZWJwfGFEWm1MMmhsTUM4eE5EY3lOemd6TmpjeU9UTTNOQzg0T0RBMk1Ea3hPRGc0TVRBMVh6QXdNVjh6TVRCWGVETXhNRWd8N2UwYjhkOWYwMmRhMTdjZjdkM2FiYWMzY2QzNDE2NGIzNjlkMGM1M2Y0Yzk2NmY0YzA4MzUwZjZjMTQ5YjY2Zg
"TV LG 77"" Pulgadas 195 Cm OLED77C4 4K-UHD OLED Smart TV",$11.999.900,https://www.alkosto.com/medias/8806091893321-001-310Wx310H?context=bWFzdGVyfGltYWdlc3w4NzU4fGltYWdlL3dlYnB8YURnMUwyZzVNQzh4TkRRNU56QXpPREV3TmpZMU5DODRPREEyTURreE9Ea3pNekl4WHpBd01WOHpNVEJYZURNeE1FZ3wyYWJkZDhjNzIyNjVkYTcxN2E2OGYxZjEyMmEyNjY0NTJhMmM4ZGZjNGQ3OTI4OTg4YzkwYjQxMTNkYTA1YmM0
"TV SAMSUNG 85"" Pulgadas 215.9 cm QN85QN800D 8K NEO QLED MINI LED Smart TV + Barra de Sonido SAMSUNG HW-Q930D/ZL",$21.999.900,https://www.alkosto.com/medias/8806095694849-001-310Wx310H?context=bWFzdGVyfGltYWdlc3wxNDkyMnxpbWFnZS93ZWJwfGFEa3lMMmhpTUM4eE5EUTFNalk1TVRJek9EazBNaTg0T0RBMk1EazFOamswT0RRNVh6QXdNVjh6TVRCWGVETXhNRWd8NzRlNjhkODJhMWJjZGJkODJmNjk4NDM0YTIyNTg0NzRiNTZiNzAyOTVjZTM5MjBlMDJiOGY0NTlhMjhhMWQxYg
"TV LG 65"" Pulgadas 165 Cm 65QNED80 4K-UHD QNED Smart TV",$3.599.900,https://www.alkosto.com/medias/8806096182734-001-310Wx310H?context=bWFzdGVyfGltYWdlc3wxMzU3NnxpbWFnZS93ZWJwfGFEWTVMMmhqTlM4eE5EY3dORFU1TXpjNU56RTFNQzg0T0RBMk1EazJNVGd5TnpNMFh6QXdNVjh6TVRCWGVETXhNRWd8Y2I3NGYxMWFhYjhkYmFkYTIzMjFjOWMwZTkyMjRjNzMyNTE1OTRmZGVmZTI2NTRiYWY5ZDgwZDdkNGM2NDllYQ
Videoproyector VTA - 70346 4K LED con Android Tv Blanco|Negro,$1.990.900,https://www.alkosto.com/medias/7702271703460-001-310Wx310H?context=bWFzdGVyfGltYWdlc3wyODc2fGltYWdlL3dlYnB8YUdRNEwyZzFNQzh4TkRZeU1UYzRORGN3TXpBd05pODNOekF5TWpjeE56QXpORFl3WHpBd01WOHpNVEJYZURNeE1FZ3w1YzM0YTAwNWFlMDIzZTgwZGQ4YzFhOGY4MmExMTJmMzdmZGJiN2RiNjczYTk2OWQ2MzM5ODIwYTA4MThmNmI3
"TV SAMSUNG 75"" Pulgadas 190.5 cm QN75QN85DB 4K-UHD NEO QLED MINI LED Smart TV",$9.499.900,https://www.alkosto.com/medias/8806095453354-001-310Wx310H?context=bWFzdGVyfGltYWdlc3wxMDA2OHxpbWFnZS93ZWJwfGFHTmtMMmcxTlM4eE5EVTJNell6TmpReE1qUTBOaTg0T0RBMk1EazFORFV6TXpVMFh6QXdNVjh6TVRCWGVETXhNRWd8NjIzYmE1ZGM0YWUyY2Q5Njk2YWI1YmY0NGE5NzI3ZDMzMzA3Zjg0MWNkMzFmYTUxNGNhZmFmMWJhYjhiYTJlYg
TV SAMSUNG 65 Pulgadas 165.1 cm QN65QN800C 8K NEO QLED MINI LED Smart TV,$7.479.900,https://www.alkosto.com/medias/8806094861600-001-310Wx310H?context=bWFzdGVyfGltYWdlc3wxNjA4NnxpbWFnZS93ZWJwfGFHUTBMMmd5TUM4eE5EVTJNelUzTnpFMk56a3dNaTg0T0RBMk1EazBPRFl4TmpBd1h6QXdNVjh6TVRCWGVETXhNRWd8YTA5NWQ1MDNjNTNhZWIxZmJjNWVhYWM1MzA4MzJkNjIzNDYxMGFkNTUyZTRhNThjMmRkNjgwZDY1MDY4OGE3Nw
"TV PANASONIC 65"" Pulgadas 165 cm 65NX700 LED 4K-UHD Smart TV Google TV",$2.879.900,https://www.alkosto.com/medias/8887549869808-001-310Wx310H?context=bWFzdGVyfGltYWdlc3w1MTMyfGltYWdlL3dlYnB8YURrekwyZ3pNaTh4TkRVM05qVXpNemMyTmpFM05DODRPRGczTlRRNU9EWTVPREE0WHpBd01WOHpNVEJYZURNeE1FZ3w3NTQyNTlkMGRhNDc1ZWVkMDVkNzcxNTQ5NDZmMmIwMmMxNjg3OTBhZDVhZTIwNDFiZDE1NDA2MDVmZjczMmEx
"TV TCL 55"" Pulgadas 139 cm 55P635 4K-UHD LED Smart TV Google",$1.659.900,https://www.alkosto.com/medias/6921732805005-001-310Wx310H?context=bWFzdGVyfGltYWdlc3w4ODQ4fGltYWdlL3dlYnB8YURabEwyZzVZeTh4TkRZNE5qYzJPVFEwTmprME1pODJPVEl4TnpNeU9EQTFNREExWHpBd01WOHpNVEJYZURNeE1FZ3xjYmI1OGFhNzlhMzM2NDllN2RiMDBjYzFjYWMzNGIxMjRiMTQzMGI0MzUxOTVhMTk4OWY4ZjJiNjY1NWRlMGFi
TV SAMSUNG 55 Pulgadas 139.7 cm QN55S90C 4K-UHD OLED Smart TV,$5.299.900,https://www.alkosto.com/medias/8806094950557-001-310Wx310H?context=bWFzdGVyfGltYWdlc3w5Nzg4fGltYWdlL3dlYnB8YURVeUwyZzRZUzh4TkRVMk16VTRPRGsyTkRNNE1pODRPREEyTURrME9UVXdOVFUzWHpBd01WOHpNVEJYZURNeE1FZ3w1MTNjZWI0NDE1ZjZhNjZjZjRjMDdhZTViZTVhODFiZWJmYzYxMDUzZTg3YTZmMGJiZWI3MzI0ZmEzODk2ODY4
XIAOMI TV Stick,$179.900,https://www.alkosto.com/medias/6971408156702-001-310Wx310H?context=bWFzdGVyfGltYWdlc3w4MjB8aW1hZ2Uvd2VicHxhRGswTDJobE5DOHhORFEwTWpNME56TXpNVFl4TkM4Mk9UY3hOREE0TVRVMk56QXlYekF3TVY4ek1UQlhlRE14TUVnfDVkMWU0MDU1MDI5NGFmNGMwMzZlMGI2MDc3NGZmMjBiZDE5Njc0MjJiMTg2MDY0MWY2NmRkZDk2YTVjYjhhYzk
"TV SAMSUNG 85"" Pulgadas 215.9 cm QN85QN85DB 4K-UHD NEO QLED MINI LED Smart TV",$14.599.900,https://www.alkosto.com/medias/8806095459516-001-310Wx310H?context=bWFzdGVyfGltYWdlc3wxMDE0OHxpbWFnZS93ZWJwfGFEa3pMMmhrWkM4eE5EVTJNelkwTWpjMk9UUXpPQzg0T0RBMk1EazFORFU1TlRFMlh6QXdNVjh6TVRCWGVETXhNRWd8MzY1MjAyNzI4Nzg4YjNkYTgyY2VlYTBlMGYyZjRhNzNiNzQ0OGIxYmFjYzUwMGFiODBiODI5NGM2ZWU2NzYxNw
"TV LG 65"" Pulgadas 165 Cm OLED65G4 4K-UHD OLED Smart TV",$9.999.900,https://www.alkosto.com/medias/8806091851741-001-310Wx310H?context=bWFzdGVyfGltYWdlc3w4NzM4fGltYWdlL3dlYnB8YUdZM0wyaGpOUzh4TkRRME9EazFPVGswTmpjNE1pODRPREEyTURreE9EVXhOelF4WHpBd01WOHpNVEJYZURNeE1FZ3w3ZjcwNTllMjNmMWNhODVjMzA4ZWMwOGU2OWY1OGQwMTZkMjJjODY2MzE2MDc4MGEwYzY2YTQyMjE0MmY4ODQ0
Videoproyector Portátil EPSON EpiqVision EF12 Láser FHD con Android TV Negro,$3.799.000,https://www.alkosto.com/medias/010343959217-001-310Wx310H?context=bWFzdGVyfGltYWdlc3wxODMwfGltYWdlL3dlYnB8YURjNEwyaGpNUzh4TkRRME1qRTFOamM0TlRZNU5DOHdNVEF6TkRNNU5Ua3lNVGRmTURBeFh6TXhNRmQ0TXpFd1NBfDgwMjM0YWQxMWQyMzgzOWQ5MTU1ZTc1YjEwZTljYTM1NjE3MTIyYTBkZWUyYTA5MWQ5MjI1M2Y5ZjRjOWFhOWU
"TV TCL 85"" Pulgadas 215.9 cm 85 C655 Advanced 4K-UHD QLED Smart TV Google",$5.499.900,https://www.alkosto.com/medias/6921732822170-001-310Wx310H?context=bWFzdGVyfGltYWdlc3wxMzgyOHxpbWFnZS93ZWJwfGFHRmhMMmd4T0M4eE5EWTFOelEwTkRjd09ETTRNaTgyT1RJeE56TXlPREl5TVRjd1h6QXdNVjh6TVRCWGVETXhNRWd8OWVmZjdhOTNjNjViMDE3MGU1NjBhNDY0MmIxNmJjOWMyYWMyMzk1MmY3NDliMzkyNTE0NjIyMzViMzNiNmY0ZA
Apple TV 4K Wi‑Fi + Ethernet 128GB,$939.010,https://www.alkosto.com/medias/194253097402-001-310Wx310H?context=bWFzdGVyfGltYWdlc3wzMTY0fGltYWdlL3dlYnB8YUdZd0wyZ3paaTh4TkRNek9UazVOek13TWpneE5DOHhPVFF5TlRNd09UYzBNREpmTURBeFh6TXhNRmQ0TXpFd1NBfDM3MmVlODY3NWQ5YmY1MmQwZWM2Yzg1ZDViNTQ4NDI2Mjg5OTE5OGFhZjQ1Mzg4MTNjNDAxNWNiYjc3MTczOTA
"TV LG 42"" Pulgadas 106 Cm OLED42C4PSA4K-UHD OLED Smart TV",$3.699.900,https://www.alkosto.com/medias/8806091858153-001-310Wx310H?context=bWFzdGVyfGltYWdlc3w4MzkyfGltYWdlL3dlYnB8YURKaUwyaGxOeTh4TkRVME56UXpOelkwT1RrMU1DODRPREEyTURreE9EVTRNVFV6WHpBd01WOHpNVEJYZURNeE1FZ3wxZDUxODk4ZWIyZmQ0ZDQ0MGI3Y2JkMTBkNjJmNzViYTBhNTA1OWMyOTk4NDkzOWJjMDk1M2ZiMGUzMDIwZTc1
"TV TCL 75"" Pulgadas 190.5 cm 75 P755 4K-UHD LED Smart TV Google",$3.549.900,https://www.alkosto.com/medias/6921732822163-001-310Wx310H?context=bWFzdGVyfGltYWdlc3wxNDE2MnxpbWFnZS93ZWJwfGFHRXlMMmhpTkM4eE5EWTFOelF6T0RReE5qa3lOaTgyT1RJeE56TXlPREl5TVRZelh6QXdNVjh6TVRCWGVETXhNRWd8MjRkZDk0NzEyNDFmNDM0Yzg2NDViZTRmOWFjMWJlNGQ1OWU1YjU1OTRlMGY4Yjk4YmI5YTM4Zjk5YzE2YTllMA
AMAZON Fire TV Stick 4K 16 GB,$329.900,https://www.alkosto.com/medias/840268907969-001-310Wx310H?context=bWFzdGVyfGltYWdlc3wyMTg0fGltYWdlL3dlYnB8YURRMUwyZzFPUzh4TkRZM09EWTJNREU0TmpFME1pODROREF5TmpnNU1EYzVOamxmTURBeFh6TXhNRmQ0TXpFd1NBfGQ5ZmE4YmQ2ZjI1ZTYyN2ZiOTZkZGMxZTI1MTBlNWZiNTU4OTgwMTBiZjg1Mjc5OTBlNGJiZjRhZDVlNWRhNzE
Apple TV 4K Wi‑Fi 64GB,$819.010,https://www.alkosto.com/medias/194253097723-001-310Wx310H?context=bWFzdGVyfGltYWdlc3wzMTY0fGltYWdlL3dlYnB8YUdNeUwyaGtOeTh4TkRNek9UazVPVGt5TkRJMU5DOHhPVFF5TlRNd09UYzNNak5mTURBeFh6TXhNRmQ0TXpFd1NBfDVmMTAxNDc0NWFjOWVjZjM3MzM1ZmViN2JlNmQ3MGJiNzIyZWI0OTUyYzBlZTYyYWVlYWVjMTZlNTcxZmNhZTY
"TV LG 55"" Pulgadas 140 Cm 55QNED80 4K-UHD QNED Smart TV",$2.599.900,https://www.alkosto.com/medias/8806096181478-001-310Wx310H?context=bWFzdGVyfGltYWdlc3wxMjYyMnxpbWFnZS93ZWJwfGFEY3dMMmd4TlM4eE5EY3dORFU0TnpnNU9Ea3hNQzg0T0RBMk1EazJNVGd4TkRjNFh6QXdNVjh6TVRCWGVETXhNRWd8ZWI2NzUxZTRiZTI1MTliN2MwNjJlZmNiODYxZmUxODE3ZjA3NDY0MWE2ZTdhZGE3N2I5NTZkNDAyZGVmMGEwZQ
"TV SAMSUNG 65"" Pulgadas 165.1 cm QN65QN90D 4K-UHD NEO QLED MINI LED Smart TV Gaming",$7.199.900,https://www.alkosto.com/medias/8806095386072-001-310Wx310H?context=bWFzdGVyfGltYWdlc3wxMTQwNnxpbWFnZS93ZWJwfGFEZ3pMMmhsWkM4eE5EUTFNalk0TWpNNU1UVTRNaTg0T0RBMk1EazFNemcyTURjeVh6QXdNVjh6TVRCWGVETXhNRWd8MGU3ZTIzY2U4Yjk2Nzk0ZTY2YjkxMWEzZWM5MzkwMDQ1NTk3YmNiMzZlZGVkMWE5MjMyYTY5NGQwZjc1OWY4Nw
"TV LG 97"" Pulgadas 246 Cm OLED97M4 4K-UHD OLED Smart TV",$89.999.904,https://www.alkosto.com/medias/8806091819536-001-310Wx310H?context=bWFzdGVyfGltYWdlc3w5MjY2fGltYWdlL3dlYnB8YUdNd0wyZzBaUzh4TkRRMk1UUTFORGN4TWpnMk1pODRPREEyTURreE9ERTVOVE0yWHpBd01WOHpNVEJYZURNeE1FZ3w5ZDU3Mjk0YjAyMjQ0OGMyMzZiMWNlYTAxMDE2Mzc2OThiYzIxOTNmMTllYjM3OWNmNTFkYjY1MjZkNWE1ZWIz
"TV HYUNDAI 98"" Pulgadas 248,92 cm HYLED9801QG4KM 4K UHD QLED Smart TV Google",$8.989.900,https://www.alkosto.com/medias/7707138018879-001-310Wx310H?context=bWFzdGVyfGltYWdlc3w4ODg0fGltYWdlL3dlYnB8YURnNUwyZzBNeTh4TkRVM09EZ3lNamMwTWpBME5pODNOekEzTVRNNE1ERTRPRGM1WHpBd01WOHpNVEJYZURNeE1FZ3wwZTNmNTllNTBlNmY2NWRhNjg2MTc2MjVkOTI4ZmU3NGJkMDEyNjE2NTBiYjk0NmRlOWYxNzE4MGJjMGM4NzNh
"TV KALLEY 98"" Pulgadas 247.7 cm K-GTV98UHDQV2 4K-UHD QLED Smart TV Google",$8.699.900,https://www.alkosto.com/medias/7705946479349-001-310Wx310H?context=bWFzdGVyfGltYWdlc3w1MzY4fGltYWdlL3dlYnB8YURRd0wyZ3haaTh4TkRVNE16QTJNamcxTlRjeE1DODNOekExT1RRMk5EYzVNelE1WHpBd01WOHpNVEJYZURNeE1FZ3w0MTI5MjdiZmZiNzBkZGFmNjZjYWFmZTY5ZTRkMGMyNjA4MmUxMWQ5ODhlOGQ3OTNkYTUyOTczZDdkMDBkNjk5
Videoproyector VTA - 70351 HD LED con Android Tv Blanco|Gris,$799.900,https://www.alkosto.com/medias/7702271703514-001-310Wx310H?context=bWFzdGVyfGltYWdlc3w0MDQ2fGltYWdlL3dlYnB8YUdVNUwyaGhOUzh4TkRZeU1UYzRPRGd6TVRjM05DODNOekF5TWpjeE56QXpOVEUwWHpBd01WOHpNVEJYZURNeE1FZ3wxODU4MzViZmNjMWVmNDIwOTE0ZjhmYmE4NTcxM2Y5YmZkNGZiYThiZWEzNzVjN2RlNjQ4MmZlZjZiZDViODMx
"TV TCL 115"" Pulgadas 292.1 cm 115 X955 MAX Ultimate 4K-UHD QD-MINI LED TV",$49.990.000,https://www.alkosto.com/medias/6921732832193-001-310Wx310H?context=bWFzdGVyfGltYWdlc3wxNDM5NnxpbWFnZS93ZWJwfGFEQmpMMmd6Tnk4eE5EWXdNRGMzTWpVeE56a3hPQzgyT1RJeE56TXlPRE15TVRrelh6QXdNVjh6TVRCWGVETXhNRWd8YjA1Yjk5ZDRkMWYzZjMwOTU2NjYxYjU5MDAyZGJhMGE5ZTRmZmJjNjE2NzAzNWY4NmJiMzU4MjM5Nzg0ODUzZQ
Videoproyector EPSON 2350 Home Cinema 4K-PRO UHD con Android TV Blanco,$7.499.000,https://www.alkosto.com/medias/010343972360-001-310Wx310H?context=bWFzdGVyfGltYWdlc3wyNTQwfGltYWdlL3dlYnB8YURZMEwyaGhaaTh4TkRNME5EZ3lOamd4TkRRNU5DOHdNVEF6TkRNNU56SXpOakJmTURBeFh6TXhNRmQ0TXpFd1NBfGZlMWY1MDUxMjM4MWY5YzMzYWEzYjBiOGQ1MmQyMTUxMDQwOTM4YmIzZjUwZTE3ZmVkYmE0M2M2ZTBkZDU2OGM
"Base KALLEY Brazo Flexible para televisores 23"" a 55""",$149.900,https://www.alkosto.com/medias/7705946171083-001-310Wx310H?context=bWFzdGVyfGltYWdlc3w2ODc0fGltYWdlL3dlYnB8YURNMEwyZzBaQzh4TkRZeU1UYzVNamsyTURVME1pODNOekExT1RRMk1UY3hNRGd6WHpBd01WOHpNVEJYZURNeE1FZ3xhNzYwYTYzYjY0NTYwN2EwMmQ4OWQxOGJhNDg5N2QwNzY1YzI4Mjc3NzJiNjNmNTRiY2QxMGM4M2M1MzIwZjA0
"Instalación de TV de 32"" a 60"" No incluye base",$117.900,https://www.alkosto.com/medias/7705946375283-001-310Wx310H?context=bWFzdGVyfGltYWdlc3wxNTY4OHxpbWFnZS93ZWJwfGFERXhMMmhoTXk4eE5ETXlOREV6TlRjMU5UZ3dOaTgzTnpBMU9UUTJNemMxTWpnelh6QXdNVjh6TVRCWGVETXhNRWd8ZTlhMWU3MzU3OGQzY2I1NzJhMThjODZhY2MyODk3MDk3NDY4ZGRmNTUyODMyMzljNTBlMzhlNjE3ZGQxYjc5Mg
"Base TECHNOSOPORTES Escualizable de Brazo para Televisores de 32"" a 65""",$149.900,https://www.alkosto.com/medias/7707342940089-001-310Wx310H?context=bWFzdGVyfGltYWdlc3wyMzc4MHxpbWFnZS93ZWJwfGFEbG1MMmd5Tnk4eE5ESXdPVE0zTnpVek16azRNaTgzTnpBM016UXlPVFF3TURnNVh6QXdNVjh6TVRCWGVETXhNRWd8ZjUzODc5MzhkM2M0NjEzNGI5YmQ0ZTNmOTljODIxZDFjOTQ5OWYxNGI0ZGMwMGZjZjM2MTM2YzFjMGZhOTQ4ZQ
"Instalación de TV mayor a 60"" No incluye base",$183.900,https://www.alkosto.com/medias/7705946375290-001-310Wx310H?context=bWFzdGVyfGltYWdlc3wxNDYxNHxpbWFnZS93ZWJwfGFERmhMMmhtWmk4eE5ETXlOREV6TmpNME5UWXpNQzgzTnpBMU9UUTJNemMxTWprd1h6QXdNVjh6TVRCWGVETXhNRWd8MWU4YzQ2NzM4YmY1MTgzYzFmNzQ2MzJhZDY2MDUzMDA3OGJmMjc1NzhmOTBhMmIzMWY3NzIzMjcwNGQ5OWUzMA
"Mesa para TV 70"" PRACTIMAC Elena 180 cm Blanco-Rovere",$459.900,https://www.alkosto.com/medias/7706112509587-001-310Wx310H?context=bWFzdGVyfGltYWdlc3wzMzMwfGltYWdlL3dlYnB8YURVekwyZ3hOUzh4TkRNd05qWTBNemd6TmprMU9DODNOekEyTVRFeU5UQTVOVGczWHpBd01WOHpNVEJYZURNeE1FZ3xkMmI0YzBmZDI1OWUxYzY3MThkZTE4NWE0YWE0ZjI0NTJmZGY2MDhmMDc1ZGIzMjJiMmZmZjFkOTM1NmJhZjM1
"Mesa Tv Grattacielo Rovere ""HZ",$439.900,https://www.alkosto.com/medias/7706112507613-001-310Wx310H?context=bWFzdGVyfGltYWdlc3wzOTM2OHxpbWFnZS9qcGVnfGFXMWhaMlZ6TDJnNU9TOW9aRGt2TVRJd05UY3dPREl6T1RZM01ESXVhbkJufGFlZGM1OTZiYWU5NDhmOTY0NTk5MzdmNTQ4ZmVjYTMyMDIyYzA2YjVmOTNlMDZlNmU0YTJlODZjMTdjMDFiY2Q
"Mesa para TV 60"" INVAL Galicia Arena",$399.900,https://www.alkosto.com/medias/7707036535225-001-310Wx310H?context=bWFzdGVyfGltYWdlc3w1MDQwfGltYWdlL3dlYnB8YURJekwyaGxZaTh4TkRRMk5EQXdPREU1TWpBek1DODNOekEzTURNMk5UTTFNakkxWHpBd01WOHpNVEJYZURNeE1FZ3xjYTA0YTA5MDJjYmM5MTExODZiMTc1YjFlZGVjNWQyYTYxMmI5YTA3NzMyNGFiYTYyNWUzMTI0Mzg2MjgwODk1
"Armario para TV 52"" MADERKIT Ceniza",$619.900,https://www.alkosto.com/medias/7706112015446-001-310Wx310H?context=bWFzdGVyfGltYWdlc3wzMzAwMnxpbWFnZS9qcGVnfGFXMWhaMlZ6TDJnME15OW9NVFl2TVRFMk5Ea3hORFEyTVRrd016Z3VhbkJufGI1YmQ0MTM0ZGJjYzA3ZmFhOGI1NTg5M2ExOWY0ZWYzMGYzMDgyZWMwYzhkZDg2YTNhNzJiYmJmYWI2ZDY3YzE
"Base EMMTECGNOLOGY Escualizable de Brazo Sencillo para televisores de 32"" a 60” Ref. ST-WTV-924",$169.900,https://www.alkosto.com/medias/7707315500265-001-310Wx310H?context=bWFzdGVyfGltYWdlc3wzNzg3NHxpbWFnZS9qcGVnfGFXMWhaMlZ6TDJnMU5pOW9PR0l2TVRBMk9UTTFNemt3TXpjeU1UUXVhbkJufGMzZGMzMTMxYjhjNjI3MjQ2ZmJkZDZiNDhlMjEzODMxYWRlY2I2YWM4M2M0NTlmNzliN2NhNDNhMjk1ZjFiN2Q
Centro de Entretenimiento para TV INVAL 12802 Tabaco/Chantillí,$679.900,https://www.alkosto.com/medias/310Wx310H-master-hotfolder-transfer-incoming-deposit-hybris-interfaces-IN-media-product-7707036528869-001.jpg?context=bWFzdGVyfGltYWdlc3w0Mzk3OHxpbWFnZS9qcGVnfGFEUTVMMmcwTWk4eE16YzJPRFU0TVRFMU1qYzVPQzh6TVRCWGVETXhNRWhmYldGemRHVnlMMmh2ZEdadmJHUmxjaTkwY21GdWMyWmxjaTlwYm1OdmJXbHVaeTlrWlhCdmMybDBMMmg1WW5KcGN5MXBiblJsY21aaFkyVnpMMGxPTDIxbFpHbGhMM0J5YjJSMVkzUXZOemN3TnpBek5qVXlPRGcyT1Y4d01ERXVhbkJufDY2NTFlYjZhNDhlNjllZTU1NTBmYjFjODkwODZlNzZiYjg0YzExZWQyNGMzYjhlNDNiZjk1MTRlNDk1MTdjNzY
"Instalación de TV 32"" a 60"" incluye Base de Brazo",$238.900,https://www.alkosto.com/medias/7705946375344-001-310Wx310H?context=bWFzdGVyfGltYWdlc3wxNjgxNHxpbWFnZS93ZWJwfGFERTNMMmd5TUM4eE5ETXlOREV6T0Rjd05Ea3lOaTgzTnpBMU9UUTJNemMxTXpRMFh6QXdNVjh6TVRCWGVETXhNRWd8YmUzZGNkNjIzMzczZDY0MGExYzczYzRmYWU1Yjc4NTI5MTk0NjVlOGQxZWVjNzA2MmVhMjU5YzE2NGUwNDcxZA
"Base KALLEY Brazo Flexible para televisores 37"" a 70""",$169.900,https://www.alkosto.com/medias/7705946477383-001-310Wx310H?context=bWFzdGVyfGltYWdlc3w1MTE0fGltYWdlL3dlYnB8YUdOa0wyaGtZUzh4TkRNME56a3lOVGM0TWpVMU9DODNOekExT1RRMk5EYzNNemd6WHpBd01WOHpNVEJYZURNeE1FZ3w2MGFmYzdjMGJmM2ZmYTA2YTU5NzFlODA1YTU4NGJlYzFjZDM3M2Y5ZGY5NTY3ZTliYzFkNTk4NWY4YWYzYmZi
Base KALLEY Escualizable Doble Brazo Flexible K-BF3780 para televisores 37” y 80”,$299.900,https://www.alkosto.com/medias/7705946478113-001-310Wx310H?context=bWFzdGVyfGltYWdlc3w0NzYwfGltYWdlL3dlYnB8YURNMkwyZzFZUzh4TkRNMU9UQXhOekkxT1RBek9DODNOekExT1RRMk5EYzRNVEV6WHpBd01WOHpNVEJYZURNeE1FZ3xlOTIyNGNmOGRjOWJjYTRmNWNjNDNlZjJlN2Y5MmZiODliNGQ0Y2M1YjJhYTk5YzFmYTY0NWViYWJlODcyMWFl
"Monitor LG 27"" Pulgadas 27SR50F Smart Tv Plano FHD Blanco",$1.199.900,https://www.alkosto.com/medias/8806084770998-001-310Wx310H?context=bWFzdGVyfGltYWdlc3w4ODMwfGltYWdlL3dlYnB8YUdNekwyZzJZaTh4TkRVek1qTXlOell6TnpBeU1pODRPREEyTURnME56Y3dPVGs0WHpBd01WOHpNVEJYZURNeE1FZ3w4YjRjNzE5M2VjODM4YWY4NjlkNWMyOTg4ZWRlYWNiNWI3NTMwYThjMDNjMDU1ZTEwNjMwZTE1OWQyYTdiNjY5
"Base KALLEY Fija Universal para televisores de 37"" a 70""",$89.900,https://www.alkosto.com/medias/7705946250337-001-310Wx310H?context=bWFzdGVyfGltYWdlc3wxODg1M3xpbWFnZS9qcGVnfGFXMWhaMlZ6TDJnNE1DOW9NVEV2TVRFMU1qYzRNVGc0TXpnd05EWXVhbkJufDlhYTQ1ZTM3ZWI5NjVjNzk4ZmU3NDBjMmMwM2JjYzc4YTIxYTk3YjQ1YTczODJiZDM2MThlZjVkNjZlYzI0Nzg
"Mesa para TV 60"" INVAL 14619 Arena",$459.900,https://www.alkosto.com/medias/7707036533412-001-310Wx310H?context=bWFzdGVyfGltYWdlc3w3NjgyfGltYWdlL3dlYnB8YUdOakwyaGlaaTh4TkRRMk5EQXdOREEyTXpJMk1pODNOekEzTURNMk5UTXpOREV5WHpBd01WOHpNVEJYZURNeE1FZ3xmNWUxYjRhMzVkMzVjMzQ5MzEzNDU0OThiYWMyMTAzNzM4ZTRmOWRlYTNhNzc3YzQ3YzYxMGZlOGNmMTgxMzk5
"Base EMMTECGNOLOGY Escualizable de Tijera para Televisores de 32"" a 70""",$182.900,https://www.alkosto.com/medias/7707315500715-001-310Wx310H?context=bWFzdGVyfGltYWdlc3w0MTE0fGltYWdlL3dlYnB8YURVeUwyZ3hPUzh4TkRJNU5EVXpOekUwTWpNd01pODNOekEzTXpFMU5UQXdOekUxWHpBd01WOHpNVEJYZURNeE1FZ3w2NDQ4NGRiNGZjMTE4OTU5YmVjNmVkOTU1ZmFiNzlmNjUxZWZmMmE5ZTE3NzY3YTE1ZDIyODcxMDU3ZGRiN2Q0
"Base EMMTECGNOLOGY Escualizable de brazo doble para televisores de 40"" a 85"" Ref. AN-P6",$229.900,https://www.alkosto.com/medias/7707315500821-001-310Wx310H?context=bWFzdGVyfGltYWdlc3w0NzE0fGltYWdlL3dlYnB8YUdJM0wyaGhaUzh4TkRNMU1ESXpPVGcxT0RjeE9DODNOekEzTXpFMU5UQXdPREl4WHpBd01WOHpNVEJYZURNeE1FZ3w3YzM3ZmY4YWU3ZjMwY2RlYmU3NTNjZWU2Mzg4ZGFlM2Q5NzFkYjc3YzY4MGIzMzFkNjNjOWU1NjljZGNjMzU4
"Base TECHNOSOPORTES Escualizable de Brazo para Televisores de 17"" a 43""",$99.900,https://www.alkosto.com/medias/7707342941086-001-310Wx310H?context=bWFzdGVyfGltYWdlc3wxMjgwNHxpbWFnZS93ZWJwfGFETmhMMmhpTXk4eE5ESXdPVE00TXpRek1qSXlNaTgzTnpBM016UXlPVFF4TURnMlh6QXdNVjh6TVRCWGVETXhNRWd8MGM0Y2M5OGFjNmNlNTI1MzkzM2MzOWFmOTM0MzUzNGRiY2UxMDAzODRkZjcwYzk5NjZiN2NkZmE1YjRhMWY4Nw
"Mesa TV 65"" INVAL Marsella Arena/Blanco",$469.900,https://www.alkosto.com/medias/7707036535751-001-310Wx310H?context=bWFzdGVyfGltYWdlc3w1MTI4fGltYWdlL3dlYnB8YUdRNEwyaGlPUzh4TkRRMk5EQXhNak15TURjNU9DODNOekEzTURNMk5UTTFOelV4WHpBd01WOHpNVEJYZURNeE1FZ3xmMzUwNjJmYzg0NjdkMDQwODc0MTkxYWQ1ZTM4MTcyYzY1ODk1M2U1NDc2YjZiZWQ3ODRkZTVhODVkZmNhNWY3
"Base KALLEY Brazo Flexible para televisores de 13""a 42""",$99.900,https://www.alkosto.com/medias/7705946171076-001-310Wx310H?context=bWFzdGVyfGltYWdlc3wyMDM2M3xpbWFnZS9qcGVnfGFXMWhaMlZ6TDJnM1l5OW9PRFV2TVRFMU1qYzRNRGMxTmpVNE5UUXVhbkJufGZmNjMwZjI1NTk0MTFkOGIzZjA3MGE3ZThlMzQ3ZTA4YjZiMzE4ODc5NjE3NDk2MTAyM2U3MmFjZmQwMWQ4YjA
"Base TECHNOSOPORTES Escualizable para televisores de 37"" a 80""",$69.900,https://www.alkosto.com/medias/310Wx310H-master-hotfolder-transfer-incoming-deposit-hybris-interfaces-IN-media-product-7707342941062-001.jpg?context=bWFzdGVyfGltYWdlc3wxNTM4OHxpbWFnZS9qcGVnfGFEWmhMMmc0WkM4eE16ZzJPVGM1TmpNeU56UTFOQzh6TVRCWGVETXhNRWhmYldGemRHVnlMMmh2ZEdadmJHUmxjaTkwY21GdWMyWmxjaTlwYm1OdmJXbHVaeTlrWlhCdmMybDBMMmg1WW5KcGN5MXBiblJsY21aaFkyVnpMMGxPTDIxbFpHbGhMM0J5YjJSMVkzUXZOemN3TnpNME1qazBNVEEyTWw4d01ERXVhbkJufDJiYTE4MTQ3NDM3OWRiNWVkYWFkM2YyNjUyZTZiZDAzZDQ5MDcxZWZkMTJlNTg1NGFhZWZkMGNmYTc2MjNhN2I
"Base EMMTECGNOLOGY Fija para televisores de 40"" a 55” Ref. ST-WTV-22F",$69.900,https://www.alkosto.com/medias/7707315500371-001-310Wx310H?context=bWFzdGVyfGltYWdlc3wyNzQyMHxpbWFnZS9qcGVnfGFXMWhaMlZ6TDJnME1DOW9aalF2TVRBMk9UTTFORGd3T0RFeE9ESXVhbkJufDJiZTc3MjgzMmE0ODJjNGRlMTc5MmQ5YzA1MTk4YWEwY2UxODQxOWI1MGZkZWRmNjIzMjE2NDIzNDIzNTY1N2U
"Mesa para TV 50"" INVAL Córdoba Arena",$269.900,https://www.alkosto.com/medias/7707036533405-001-310Wx310H?context=bWFzdGVyfGltYWdlc3w0OTg0fGltYWdlL3dlYnB8YUdWaUwyaGtPQzh4TkRRMk56azFPRE0zTkRRek1DODNOekEzTURNMk5UTXpOREExWHpBd01WOHpNVEJYZURNeE1FZ3xmYTUyZDU3MjUxZmQ5NDNmODgzOTA4NzBiMjA3OTc3MjA3YjM5OTYxZDYwMmZkMWZjMWY1NmRhZmExMDBhNzEz
"Mesa para TV 65"" PRACTIMAC Ray 160 cm Ceniza",$399.900,https://www.alkosto.com/medias/7706112330761-001-310Wx310H?context=bWFzdGVyfGltYWdlc3w0MTQ4fGltYWdlL3dlYnB8YURJeUwyZ3laUzh4TkRNeU1ESTNNamd6TkRVNU1DODNOekEyTVRFeU16TXdOell4WHpBd01WOHpNVEJYZURNeE1FZ3xkNGVlMjdmZjQyYTBlODg1Yjg2ZTFmNGRkMDhmOGY1ODk4ZjIxMjYwNWViOThlZjE3YzQzNGQwNmE2NmY3OTZh
"Base EMMTECGNOLOGY Escualizable de Brazo Sencillo para televisores de 22"" a 49"" Ref. ST-WTV-EQ220",$123.900,https://www.alkosto.com/medias/7707315500289-001-310Wx310H?context=bWFzdGVyfGltYWdlc3wzMzY2OHxpbWFnZS9qcGVnfGFXMWhaMlZ6TDJnNE1DOW9aakV2TVRBMk9UTTFORE0zTlRVNE1EWXVhbkJufGEzZTZjMjRjYTkxNmU0Yzc0ZWQ5YWUzZWYxYTE2YjI4MzFjYmI3ZDgxMjI2ZjY5MjA1YmVjMTRhMDI1NGI5MmE
"Armario para TV 52"" MADERKIT Caramelo",$619.900,https://www.alkosto.com/medias/7706112934785-001-310Wx310H?context=bWFzdGVyfGltYWdlc3w0NDc1NHxpbWFnZS9qcGVnfGFXMWhaMlZ6TDJoa1pTOW9PVGt2TVRFMk5Ea3lNalE1TURBMk16Z3VhbkJufDM4ZmE1OWVkMzI1YWI3MDk2N2FhMTI5NjY3YTJlYTgwYzdkZTZjNjVmNGYyOTQ2MjNlODc0NWYzNmUxM2ZlY2I
"Mesa para TV 60"" INVAL Galicia Wengue",$399.900,https://www.alkosto.com/medias/310Wx310H-master-hotfolder-transfer-incoming-deposit-hybris-interfaces-IN-media-product-7707036533245-001.jpg?context=bWFzdGVyfGltYWdlc3w0NzI4M3xpbWFnZS9qcGVnfGFHRm1MMmcyTXk4eE16VXhORGM1TnpnME1qUTJNaTh6TVRCWGVETXhNRWhmYldGemRHVnlMMmh2ZEdadmJHUmxjaTkwY21GdWMyWmxjaTlwYm1OdmJXbHVaeTlrWlhCdmMybDBMMmg1WW5KcGN5MXBiblJsY21aaFkyVnpMMGxPTDIxbFpHbGhMM0J5YjJSMVkzUXZOemN3TnpBek5qVXpNekkwTlY4d01ERXVhbkJufDFjMDIwNjNhODc1MDViN2QzY2RlNDU0M2E1MmIxNGYyYTk0YjcxMTcyOTBhNWNlMDBhODk0OThjYzU3MjEyMzQ
"Instalación de TV 65"" a 82"" Incluye Base de Tijera",$346.900,https://www.alkosto.com/medias/7705946375351-001-310Wx310H?context=bWFzdGVyfGltYWdlc3wxMjAxMHxpbWFnZS93ZWJwfGFHRXlMMmd6T1M4eE5ETXlOREV6T1RJNU5EYzFNQzgzTnpBMU9UUTJNemMxTXpVeFh6QXdNVjh6TVRCWGVETXhNRWd8ODljZmMxYzczZDlhZTE4YjdiYTc5N2U0MDg3MWU0MDIzMDE2YjVmYjQyYTFlMWE2Nzc5ZGRlZTY4OWRlNzE5NQ
Antena TDT E4U para Television en Alta Definicion,$32.900,https://www.alkosto.com/medias/310Wx310H-master-hotfolder-transfer-incoming-deposit-hybris-interfaces-IN-media-product-7707342944032-001.jpg?context=bWFzdGVyfGltYWdlc3w0MDg0fGltYWdlL2pwZWd8YURNekwyaGtaQzh4TXpnMk9UZ3dOVEUzTkRneE5DOHpNVEJYZURNeE1FaGZiV0Z6ZEdWeUwyaHZkR1p2YkdSbGNpOTBjbUZ1YzJabGNpOXBibU52YldsdVp5OWtaWEJ2YzJsMEwyaDVZbkpwY3kxcGJuUmxjbVpoWTJWekwwbE9MMjFsWkdsaEwzQnliMlIxWTNRdk56Y3dOek0wTWprME5EQXpNbDh3TURFdWFuQm58ODc0MGQyMDc4MDVlM2UyMDNjYzI4YTBhNzlkODdmNTZlZWYyMjBkZDNjMzQ1NDA1MGM5YTQxMjc2MDViZWY0OQ
"Mesa para TV 60"" INVAL Galicia Amaretto",$399.900,https://www.alkosto.com/medias/7707036532712-001-310Wx310H?context=bWFzdGVyfGltYWdlc3w1NTAwfGltYWdlL3dlYnB8YURRM0wyZzJPUzh4TkRRMk16azVOVGd3TlRjeU5pODNOekEzTURNMk5UTXlOekV5WHpBd01WOHpNVEJYZURNeE1FZ3wwZGRhNzk0NzY3NjM3ZDk5MzBiNjc0MTM2MWFhMDhiZGQ3M2NhN2I5NWQ5ZWQ2ZDljYjljODRhZTAzYjYwOGU5
"Base EMMTECGNOLOGY Inclinación para televisores de 40"" a 55” Ref. ST-WTV-33T",$89.900,https://www.alkosto.com/medias/7707315500388-001-310Wx310H?context=bWFzdGVyfGltYWdlc3wyMzEyOXxpbWFnZS9qcGVnfGFXMWhaMlZ6TDJnMU5TOW9OV1V2TVRBMk9UTTFORGt5TmpBNE16QXVhbkJufDRhYzBhMDVlOWEyYWM1ZjhhNmQwYTA5ZmJmNjIyNzBiYzYzMjY5NDgyN2VmMmZmZTA2YTFhNTU5YjhkMmYzMTQ
"Mesa para TV 60"" INVAL Zulia Arena/Blanco",$359.900,https://www.alkosto.com/medias/7707036547105-001-310Wx310H?context=bWFzdGVyfGltYWdlc3w1ODk2fGltYWdlL3dlYnB8YUdReEwyaG1NaTh4TkRVeE1UazFNVE0wTnpjME1pODNOekEzTURNMk5UUTNNVEExWHpBd01WOHpNVEJYZURNeE1FZ3wxNjdiOTdlZDkxN2U4ZTcwYWY2YjVkN2UxNmIyM2NlMzczZjFlYzBiMDlhMTBmNWViMDQ2YmNmYzY2NGQ3NDlk
"Mesa para TV de 65"" MADERKIT Aurora Duna-Blanco",$439.900,https://www.alkosto.com/medias/7706112762906-001-310Wx310H?context=bWFzdGVyfGltYWdlc3wzMjgwfGltYWdlL3dlYnB8YURWa0wyZzVPQzh4TkRZM05UQTNOek01T0RVMU9DODNOekEyTVRFeU56WXlPVEEyWHpBd01WOHpNVEJYZURNeE1FZ3wzYjcyNzg5MmZhZDZmOGY5YTJlNjJiNDRmNjQ4MmNjOWMxMWQxMmRmMjlhNDU4NTY4NTBjZjdhMTU3ODg5MmY0
"Base KALLEY Fija para televisores de 32"" a 55""",$49.900,https://www.alkosto.com/medias/7701023776424-001-310Wx310H?context=bWFzdGVyfGltYWdlc3wxMzU1NXxpbWFnZS9qcGVnfGFXMWhaMlZ6TDJnek9DOW9Nek12TVRFMU1qYzRNRE0wTXpjd09EWXVhbkJufDMzNjBiZjhlZWQ0YjdlOWRmMjkyOWVlMzRlNWUzNTYxMGMzNmQ4NmUyNjFiNDMyNjExZjgxNzVhYWI0ZTI4MjA
"Mesa para TV 55"" INVAL Cumbal Amaretto",$339.900,https://www.alkosto.com/medias/7707036547112-001-310Wx310H?context=bWFzdGVyfGltYWdlc3w0NzM4fGltYWdlL3dlYnB8YURGa0wyaGlPQzh4TkRVeE1UazFOVFEzTmpVeE1DODNOekEzTURNMk5UUTNNVEV5WHpBd01WOHpNVEJYZURNeE1FZ3w5ZTA1OTM2OTUwYzUwNmI2OWZhNTNhNTk5ZDZlMjAzYjk2YjNmOWU0OTM4YTY1NzNlNWQ2MmUxYmVjNjU3M2Vh
"Base EMMTECGNOLOGY Inclinación para televisores de 37"" a 60” Ref. ST-WTV-BR18",$119.900,https://www.alkosto.com/medias/7707315500166-001-310Wx310H?context=bWFzdGVyfGltYWdlc3wxNjEzMnxpbWFnZS9qcGVnfGFXMWhaMlZ6TDJoak5TOW9Zell2TVRBMk9UTXpOVGM0TXpBeE56UXVhbkJufDZkNGQzN2UxNmRmZDcyMTdiMzRhZTg3NWUxMjFjZTdiNDE4ZmM1ZDhkOTllZjc4M2E3MzIzZDhkYTEwNGUwMzM
"Base EMMTECGNOLOGY Escualizable de Brazo Doble para televisores de 32"" a 60"" Ref. ST-WTV-40EQ",$199.900,https://www.alkosto.com/medias/7707315500401-001-310Wx310H?context=bWFzdGVyfGltYWdlc3wyNjIyMHxpbWFnZS9qcGVnfGFXMWhaMlZ6TDJoa1lTOW9OMk12TVRBMk9UTTFOVEkzT1RrM056UXVhbkJufDFjZDc5OWNmOWJmNWQ2Mzk1MDBkZTQwYjM5ODNjMDk4NjhmNzNkYzA3YzczZjE1ZDExNjA5OTAwMTU2MzlkMDA
Caldero AF 30Cm A/A TV Origi,$126.900,https://www.alkosto.com/medias/7702073804365-001-310Wx310H?context=bWFzdGVyfGltYWdlc3wyNTMzMHxpbWFnZS9qcGVnfGFXMWhaMlZ6TDJnNE55OW9OVEl2TVRBMU9UUXlNVEl5T0RJek9UZ3VhbkJufDExMDU4ZmVlYTlkNmE2ZjY1YzQwNjQ2NzllNzVjOTI0ZTY0YTEzYjE4OTA0MmUwNTlmY2MzOGY1OGQ5MGQxNDA
Barra de Sonido BOSE TV Speaker Negro,$1.349.900,https://www.alkosto.com/medias/017817808675-001-310Wx310H?context=bWFzdGVyfGltYWdlc3w5MDB8aW1hZ2Uvd2VicHxhRGRoTDJoak1pOHhOREk1TkRnek1EY3hNRGd4TkM4d01UYzRNVGM0TURnMk56VmZNREF4WHpNeE1GZDRNekV3U0F8NDI5MzNiZjdmNjI0YWY3NTQ3M2IxYWMwY2M5MzQ5Y2M3MzI3NTAzMmRhM2YzNjExZWUxYTMwODY0MDUwY2JhZQ
"Armario para TV 52"" MADERKIT Wengue",$619.900,https://www.alkosto.com/medias/7706112015453-001-310Wx310H?context=bWFzdGVyfGltYWdlc3wyNjMzOHxpbWFnZS9qcGVnfGFXMWhaMlZ6TDJnd1lpOW9OVEF2TVRJd05UY3dOemN3T0RneU9EWXVhbkJufDNlYTU3OTE1MWU0ZGIyODBjNmY2MGUxYmMyODI3MTFkY2EyMDliOGJhMDdmYmY2MGI0YjAzNzU3MGJjZDhmMWY
"Mesa para TV 42"" INVAL Santander Amaretto",$164.900,https://www.alkosto.com/medias/7707036544753-001-310Wx310H?context=bWFzdGVyfGltYWdlc3w0MzMwfGltYWdlL3dlYnB8YURBekwyaG1NUzh4TkRRMk5EQXhOalEwT1RVMk5pODNOekEzTURNMk5UUTBOelV6WHpBd01WOHpNVEJYZURNeE1FZ3xkYjE1YzEyOWYzMzMyNjQyNmYyZGRkNjAzYjRjMWE1NmEwMjA5YzEyMjY0MTY0ZWY0NWRmZWMxZjg0MGRiNTYz
"Mesa para TV 50"" INVAL Córdoba Amaretto",$269.900,https://www.alkosto.com/medias/7707036525691-001-310Wx310H?context=bWFzdGVyfGltYWdlc3w1MjQyfGltYWdlL3dlYnB8YURjNUwyaGtNUzh4TkRRMk56azBOVGs0T0RFeU5pODNOekEzTURNMk5USTFOamt4WHpBd01WOHpNVEJYZURNeE1FZ3xkZmE3NjYxYTRjMzA4NDkzMGM5NDA5Y2NhMDMyZjQxMjJhNjUxYjQ5Y2M1NjBmMDdkMmVhMmYyOWQwMTdlOWQw
"Base TECHNOSOPORTES Escualizable para televisores de 17"" a 43""",$39.900,https://www.alkosto.com/medias/7707342940096-001-310Wx310H?context=bWFzdGVyfGltYWdlc3wxNDkzOHxpbWFnZS93ZWJwfGFHWTJMMmcyWWk4eE5ESXdPVE00TVRBM01qa3lOaTgzTnpBM016UXlPVFF3TURrMlh6QXdNVjh6TVRCWGVETXhNRWd8N2I1Y2YwZjRmYmVlY2EwN2JkZGI0ODM1YzQyY2QzNDViYWZlMTgwYWY0NTFlNWU3NDMyMzIyOWE4ODdiN2MzOA
"Base TECHNOSOPORTES Escualizable de Brazo Doble para Televisores de 40""a 98""",$379.900,https://www.alkosto.com/medias/7707342944612-001-310Wx310H?context=bWFzdGVyfGltYWdlc3w2MjIwfGltYWdlL3dlYnB8YURsaUwyaGpNUzh4TkRNME5UazBNVE0xTWpRM09DODNOekEzTXpReU9UUTBOakV5WHpBd01WOHpNVEJYZURNeE1FZ3w5OTI2MjBmMDkwMGI1NzZjYTVhM2JkN2ZiNjU2ZDcyZTlkMDU2NmY1YjlhZDk3OTY5NzQ0NjQwNzk3ZTFjYTAx
"Base EMMTECGNOLOGY Inclinación para televisores de 13"" a 49"" Ref. ST-WTV-12T",$49.900,https://www.alkosto.com/medias/7707315500364-001-310Wx310H?context=bWFzdGVyfGltYWdlc3wyNzU4MHxpbWFnZS9qcGVnfGFXMWhaMlZ6TDJobFlTOW9NV1l2TVRBMk9UTTFORFk1TURFMU16UXVhbkJufDAwNTlmNDc3Yzk4YmM0YzliZWQwY2Q2MDgxMTA4MTI4M2MwZTIyMTVhODNmOWQyNWE1ZjI3Y2ZhNjQwZThhNjQ
"Mesa para TV 42"" INVAL Santander Arena",$164.900,https://www.alkosto.com/medias/7707036533399-001-310Wx310H?context=bWFzdGVyfGltYWdlc3wzOTI4fGltYWdlL3dlYnB8YURVNEwyaGlaUzh4TkRRMk16azVPVGt6TkRRNU5DODNOekEzTURNMk5UTXpNems1WHpBd01WOHpNVEJYZURNeE1FZ3w3YWYxMDA3ZmZhZDNjYzllNmM3NWQ5NWQ1ZGRmNTIzZjYzOTY2YjJlMTBkZjA5YWUwMzY2MWIzYWRjNmZjYTBk
"Mesa para TV 50"" INVAL Córdoba Wengue",$269.900,https://www.alkosto.com/medias/310Wx310H-master-hotfolder-transfer-incoming-deposit-hybris-interfaces-IN-media-product-7707036519218-001.jpg?context=bWFzdGVyfGltYWdlc3w0OTQ1OXxpbWFnZS9qcGVnfGFHTXlMMmc0TUM4eE16VXhORGM0TnpJeU5UWXpNQzh6TVRCWGVETXhNRWhmYldGemRHVnlMMmh2ZEdadmJHUmxjaTkwY21GdWMyWmxjaTlwYm1OdmJXbHVaeTlrWlhCdmMybDBMMmg1WW5KcGN5MXBiblJsY21aaFkyVnpMMGxPTDIxbFpHbGhMM0J5YjJSMVkzUXZOemN3TnpBek5qVXhPVEl4T0Y4d01ERXVhbkJufDQ4ZDc1YzI5YmQzYTRlMzRhNmFlMzFmNmYwM2M3NTBiNjllN2M1MDhmOTRiMTY0YmI1OTVkMzliYTkxYjVhMDQ
"Instalación de TV 32"" a 60""Incluye Base Fija",$183.900,https://www.alkosto.com/medias/7705946375306-001-310Wx310H?context=bWFzdGVyfGltYWdlc3wxNTY2MHxpbWFnZS93ZWJwfGFEZzNMMmhsWXk4eE5ETXlOREV6Tmprek5UUTFOQzgzTnpBMU9UUTJNemMxTXpBMlh6QXdNVjh6TVRCWGVETXhNRWd8MTgyOWIzNDcyOTFiNDE4ODVmY2Q4NDAzNjljNGEwODFhNzM1NDc0MzhhNDU4N2I5YzZhMjM5YWRiZTRhYWQ5Mw
Teclado LOGITECH Multimedia Inalámbrico para TV y Computador K400,$179.900,https://www.alkosto.com/medias/097855115324-001-310Wx310H?context=bWFzdGVyfGltYWdlc3wzNzk4fGltYWdlL3dlYnB8YUdSaUwyaGpZaTh4TkRJNE1UWTNOakU1TXpneU1pOHdPVGM0TlRVeE1UVXpNalJmTURBeFh6TXhNRmQ0TXpFd1NBfGU5YzMzYTFhNGRjN2JhNDIzZDhjZDlhMThlYjM0ZTdjMDc0OGE0ZjU5OWIzZTM2YjRkNzZlMDY5MTRhZmZlZTc
Mesa Flotante para TV de 65 pulgadas MADERKIT Better Blanco-Duna,$309.900,https://www.alkosto.com/medias/7706112775876-001-310Wx310H?context=bWFzdGVyfGltYWdlc3wyOTcyfGltYWdlL3dlYnB8YURReEwyZ3pNUzh4TkRNMU9UVTFNRE01TkRNNU9DODNOekEyTVRFeU56YzFPRGMyWHpBd01WOHpNVEJYZURNeE1FZ3w4YjM0Y2FlMDczYTNkNGYxYmE5MDFmM2Y2MDA4NjhmYjYwNTFlNjMwMzVlMzVmNTM2MjkxZjExODQ4NzY1NTgz
"Centro de entretenimiento para TV 55"" INVAL 12602 Wengue/Humo",$599.900,https://www.alkosto.com/medias/310Wx310H-master-hotfolder-transfer-incoming-deposit-hybris-interfaces-IN-media-product-7707036528647-001.jpg?context=bWFzdGVyfGltYWdlc3wzMjEzNnxpbWFnZS9qcGVnfGFEQmhMMmcyWXk4eE16YzJPRFUzT0RjNU16VXdNaTh6TVRCWGVETXhNRWhmYldGemRHVnlMMmh2ZEdadmJHUmxjaTkwY21GdWMyWmxjaTlwYm1OdmJXbHVaeTlrWlhCdmMybDBMMmg1WW5KcGN5MXBiblJsY21aaFkyVnpMMGxPTDIxbFpHbGhMM0J5YjJSMVkzUXZOemN3TnpBek5qVXlPRFkwTjE4d01ERXVhbkJufDBhNjAyMzM5ZGYxNjNmMGU5MzQ3MjczZTdiZjNiNjE2ZjliMzk4ZTFlZjg1ODY0Y2ViZDYxZDY1NWNmNmViYzg
Mesa TV INVAL MTV17519 Arena,$429.900,https://www.alkosto.com/medias/7707036542759-001-310Wx310H?context=bWFzdGVyfGltYWdlc3w2NDk4fGltYWdlL3dlYnB8YUdNNEwyZzRNUzh4TkRRMk56azRNekUwTnpBek9DODNOekEzTURNMk5UUXlOelU1WHpBd01WOHpNVEJYZURNeE1FZ3xmZTI5NTJhYTJjYWJjMjI5YjFmMjQxMzRhZWMxOWJkMzFkZjVhODgxODQ0ZDM0ZTBhMjBjZjYyMzhiNjAxZjhk
"Base TECHNOSOPORTES Fija para Televisores de 65"" a 100""",$139.900,https://www.alkosto.com/medias/7707342944735-001-310Wx310H?context=bWFzdGVyfGltYWdlc3wzOTU0fGltYWdlL3dlYnB8YURCa0wyaGlOaTh4TkRVMU9UYzBPREUyTVRVMk5pODNOekEzTXpReU9UUTBOek0xWHpBd01WOHpNVEJYZURNeE1FZ3w0NmYwODNhZGM2ZmY4ZWQyNGU3MTc5Mjg4MDQ0YjVmMjBiZjExMWIxM2ZmMzdiYjZlYWRmMjdhMzdjNjA2YmE3
"Base TECHNOSOPORTES Fija para Televisores de 37""a 65""",$49.900,https://www.alkosto.com/medias/7707342940065-001-310Wx310H?context=bWFzdGVyfGltYWdlc3wxMTc2MnxpbWFnZS93ZWJwfGFESmxMMmhpT1M4eE5ESXdPVE0zTlRFM05EWTROaTgzTnpBM016UXlPVFF3TURZMVh6QXdNVjh6TVRCWGVETXhNRWd8YzJmY2MzOWE1MTQ0ZmE0YzNlYzIwZDRkNTdhMzJkYjc0MGEwZWNjMjM5MTQxOGVmYWUyNWQ4YjRkMTVlYzk1MQ
Mesa para TV de 77 pulgadas PRACTIMAC Cubo Miel-Plomo,$619.900,https://www.alkosto.com/medias/7706112502922-001-310Wx310H?context=bWFzdGVyfGltYWdlc3w0MTAyfGltYWdlL3dlYnB8YUdWakwyZzVNeTh4TkRNMU9UVTBNVFE0TVRVd01pODNOekEyTVRFeU5UQXlPVEl5WHpBd01WOHpNVEJYZURNeE1FZ3wwMGRmNjk3YjUyZGI5NDAzNjcwYjcxNjkyZGMzMThjNzEzOTZlNDQ2YjVjOTMwNjAxYjY3NTZkZTNiNzY3Yjhm
"Limpiador EMMTECGNOLOGY para pantallas de Televisores, Computadores y Celulares",$39.900,https://www.alkosto.com/medias/310Wx310H-master-hotfolder-transfer-incoming-deposit-hybris-interfaces-IN-media-product-7707315500098-001.jpg?context=bWFzdGVyfGltYWdlc3w1NzUzN3xpbWFnZS9qcGVnfGFETXpMMmd5TWk4eE16ZzNORGs1TXpJMk5qY3hPQzh6TVRCWGVETXhNRWhmYldGemRHVnlMMmh2ZEdadmJHUmxjaTkwY21GdWMyWmxjaTlwYm1OdmJXbHVaeTlrWlhCdmMybDBMMmg1WW5KcGN5MXBiblJsY21aaFkyVnpMMGxPTDIxbFpHbGhMM0J5YjJSMVkzUXZOemN3TnpNeE5UVXdNREE1T0Y4d01ERXVhbkJufGNiMDA4OGJhODNmODQwNWUzZmM3Y2YzYTJhYmZkNGVhZjkzY2IyYTE5NTRhMDZlZDFlYWFjYzlhN2UzNjc0MTA
Mesa TV INVAL MTV17519 Amaretto,$429.900,https://www.alkosto.com/medias/7707036532507-001-310Wx310H?context=bWFzdGVyfGltYWdlc3w2NjQ0fGltYWdlL3dlYnB8YUdSaEwyZzRNeTh4TkRRMk56azFOREkwTlRZMk1pODNOekEzTURNMk5UTXlOVEEzWHpBd01WOHpNVEJYZURNeE1FZ3w0Y2NkMTRkMTg4ODY0ZjE5YTI2MGE3MDI1OGVmZGY3Mzg5YzcyZGU4NDE4ZjI4MjdmZDkxY2EwMjA3ZTk3NTI3
"Instalación de TV 70"" a 90"" incluye Base de Inclinación",$389.900,https://www.alkosto.com/medias/7705946375337-001-310Wx310H?context=bWFzdGVyfGltYWdlc3wxMjA2MHxpbWFnZS93ZWJwfGFEYzBMMmd6TkM4eE5ETXlOREV6T0RFeE5URXdNaTgzTnpBMU9UUTJNemMxTXpNM1h6QXdNVjh6TVRCWGVETXhNRWd8YTUxNDllNTA2NDU1MDk1MzlhNDQxN2VhNDdiZmE0MWM5NmU4YjA0NDgxYjAyNTUzNzU0MzhkZTdiYzI1NGMzMg
"Mesa para TV de 65"" MADERKIT Aurora Gales-Wengue",$439.900,https://www.alkosto.com/medias/7706112746050-001-310Wx310H?context=bWFzdGVyfGltYWdlc3wzMzc2fGltYWdlL3dlYnB8YURVMUwyZzVaaTh4TkRZM05UQTNNalkzT1RrMk5pODNOekEyTVRFeU56UTJNRFV3WHpBd01WOHpNVEJYZURNeE1FZ3wzYWY5MWQ3OTc1MTZhM2FmMGQyYzE1Zjk2NGRmM2I1MTE0MDI3ODNmZDAzODUzMzlmNTIzYzliZjk2ZDU4MWNh
"Base EMMTECGNOLOGY Escualizable de Brazo para Televisores de 13"" a 42""",$94.900,https://www.alkosto.com/medias/7707315500708-001-310Wx310H?context=bWFzdGVyfGltYWdlc3wzNTcyfGltYWdlL3dlYnB8YURZd0wyaGhZeTh4TkRJNU5EVXpOVFUyT1RRek9DODNOekEzTXpFMU5UQXdOekE0WHpBd01WOHpNVEJYZURNeE1FZ3w5NjI2NGM2YzkxOWYwMzVlMWZiMWQyOTY0MGEyMmU0YjUzZDY3ZDExNDhjMzNiYWMzNGQ3YmMzZjQwODk2YTI0
