Title,Price,Image,price_cop
"VIZIO Smart TV Full HD 1080p de 40 pulgadas con DTS Virtual: X, compatibilidad con Alexa, Google Cast integrado, compatible con auriculares Bluetooth (VFD40M-08 nuevo)",148.0,https://m.media-amazon.com/images/I/81R3dLptKcL._AC_UY218_.jpg,625321
"Hisense Smart Roku TV de 40 pulgadas Serie A4 FHD 1080p con compatibilidad Alexa (40A4NR, modelo 2024) - Dolby Audio, diseño de bisel delgado, Google Assistant",159.99,https://m.media-amazon.com/images/I/71cJVrOAVNL._AC_UY218_.jpg,675981
"VIZIO Smart TV LED HD 720p de 32 pulgadas con compatibilidad con Alexa, Chromecast integrado, compatible con auriculares Bluetooth (VHD32M-08, nuevo)",128.0,https://m.media-amazon.com/images/I/81qgm6blFrL._AC_UY218_.jpg,540818
"VIZIO - Smart TV Full HD 1080p de 24 pulgadas con Apple AirPlay y Chromecast integrados, compatibilidad con Alexa, D24f-J09, modelo 2022",124.18,https://m.media-amazon.com/images/I/81OsEmGZ1dL._AC_UY218_.jpg,524678
"SAMSUNG Televisor inteligente FHD LED de 32 pulgadas 1080P (UN32N5300AFXZA, modelo 2018), negro",227.99,https://m.media-amazon.com/images/I/91snjIt0nUL._AC_UY218_.jpg,963291
"VIZIO - Smart TV serie D de 32 pulgadas y 720p con Apple AirPlay y Chromecast integrado, duplicación de pantalla para segundas pantallas y más de 150 canales de transmisión gratuitos, modelo D32h-J09, 2022",129.99,https://m.media-amazon.com/images/I/81qFhtzh5KL._AC_UY218_.jpg,549226
"SAMSUNG Smart TV Class QLED 4K Q60D Series Quantum HDR de 32 pulgadas con sonido de seguimiento de objetos, acelerador de movimiento, diseño delgado, hub para juegos, Alexa incorporado (QN32Q60D,",477.99,https://m.media-amazon.com/images/I/711yOTy-UvL._AC_UY218_.jpg,2019576
"VIZIO Smart TV Full HD 1080p de 40 pulgadas con DTS Virtual: X, compatibilidad con Alexa, Chromecast integrado, compatible con auriculares Bluetooth (VFD40M-08 nuevo) (renovado)",132.55,https://m.media-amazon.com/images/I/81JxAr7XgBL._AC_UY218_.jpg,560043
"VIZIO Smart TV Serie D de 720p con Apple AirPlay y Chromecast integrado, espejo de pantalla para segundas pantallas y más de 150 canales de transmisión gratuitos, D32h-J09, modelo (renovado), 32",108.0,https://m.media-amazon.com/images/I/814BGlMkC4L._AC_UY218_.jpg,456316
"Hisense Smart TV de 40 pulgadas Class A4 Series FHD 1080p Google (40A4K) - DTS Virtual: X, modos de juego y deportes, Chromecast integrado, compatibilidad con Alexa, negro",178.0,https://m.media-amazon.com/images/I/71vd0UkOYOL._AC_UY218_.jpg,752076
"VIZIO Televisor inteligente FHD LED de 24 pulgadas serie D con auriculares Bluetooth, compatibilidad con AMD FreeSync y Alexa, D24fM-K01, modelo 2023",131.61,https://m.media-amazon.com/images/I/71GUiamltWL._AC_UY218_.jpg,556071
"Westinghouse Roku TV - Smart TV de 24 pulgadas, televisor LED HD 720P con conectividad Wi-Fi y aplicación móvil, TV de pantalla plana compatible con Apple Home Kit, Alexa y Google Assistant",124.99,https://m.media-amazon.com/images/I/71YXjVYWdyL._AC_UY218_.jpg,528101
"Reacondicionado Certificado - Televisión inteligente Amazon Fire TV Omni Series de 75"" en 4K UHD con Dolby Vision y de control a manos libres con Alexa",584.99,https://m.media-amazon.com/images/I/51slfo1weAL._AC_UY218_.jpg,2471667
"TCL Smart TV Class S3 1080p LED de 32 pulgadas con Google TV (modelo 32S350G, 2023), Google Assistant integrado con control remoto de voz, compatible con Alexa, transmisión de televisión FHD, color",139.99,https://m.media-amazon.com/images/I/81ylxtsKamL._AC_UY218_.jpg,591478
"TCL Smart TV Class S3 1080p LED de 32 pulgadas con Fire TV (modelo 32S350F, modelo 2023), Alexa integrado, compatible con Apple AirPlay, transmisión de televisión FHD, color negro",149.99,https://m.media-amazon.com/images/I/711a7srcZdL._AC_UY218_.jpg,633729
"LG Electronics 24LM530S-PU 24 pulgadas HD webOS 3.5 Smart TV, negro",171.99,https://m.media-amazon.com/images/I/91zmQQ6C09L._AC_UY218_.jpg,726682
"Sony Televisor HD HD LED HDR de 32 pulgadas serie W830K con Google TV y Google Assistant-modelo 2022, negro",298.0,https://m.media-amazon.com/images/I/71GUJVSDv3L._AC_UY218_.jpg,1259093
"Samsung HQ60A HG50Q60AANF 50"" Smart LED-LCD TV - 4K UHDTV - Gris Titan",473.08,https://m.media-amazon.com/images/I/5191s9k5WbL._AC_UY218_.jpg,1998831
LG 24LM530S-PU 24 pulgadas HD Smart TV con webOS 3.5 Bundle con 1 año CPS paquete de protección mejorada,265.0,https://m.media-amazon.com/images/I/619wOkaIn2L._AC_UY218_.jpg,1119663
"TuTu Televisión de pantalla plana LED HD 60Hz 720P de 24 pulgadas con audio Dolby para el hogar, oficina, HDMI, USB, VGA, RCA (modelo 2023)",91.99,https://m.media-amazon.com/images/I/71p1yEDxLCL._AC_UY218_.jpg,388671
"Onn Smart TV LED Class HD (720P) de 24 pulgadas compatible con Netflix, Disney+, YouTube, Apple TV y Google Assistant (100012590) (renovado)",99.96,https://m.media-amazon.com/images/I/71iW9JN0twL._AC_UY218_.jpg,422345
"Westinghouse TV de 24 pulgadas, 720p HD LED TV de pantalla plana pequeña con HDMI, USB, VGA y V-Chip Controles parentales, TV no inteligente o monitor para el hogar, cocina, autocaravana u oficina",115.99,https://m.media-amazon.com/images/I/81f+nZ-ff8L._AC_UY218_.jpg,490074
"Smart TV SmartCast D24h-J09 de la serie D de 24 pulgadas, 720p, HD, LED, de voz (renovado)",89.99,https://m.media-amazon.com/images/I/81ZSiQNh-NL._AC_UY218_.jpg,380221
"LG 32LM570BPUA 32"" HDR Smart LED HD TV (modelo 2019)",239.99,https://m.media-amazon.com/images/I/81dGx6DBYjL._AC_UY218_.jpg,1013992
ATYME 40 pulgadas clase 60Hz 1080p FHD LED TV pantalla plana 1* USB 3* HDMI 1* VGA ARC doble canal 8 W altavoces Monitores Televisión 400AM7HD,209.0,https://m.media-amazon.com/images/I/71n1Hm0aXoL._AC_UY218_.jpg,883055
"Televisor de cocina de pantalla plana pequeña de 14 pulgadas con antena ATSC sintonizador/USB/HDMI/AV/VGA, soporte de TV integrado y control remoto para automóvil, caravana, campamento,",99.99,https://m.media-amazon.com/images/I/71bPISnO9iL._AC_UY218_.jpg,422472
"TCL 32S357 32 pulgadas Clase 3 Series Full HD LED Smart Roku TV funciona con Siri, Alexa y Google Assistant (renovado)",129.99,https://m.media-amazon.com/images/I/6185s9eD+dL._AC_UY218_.jpg,549226
"JVC Televisor inteligente Roku LED HD de 32 pulgadas de 720p con aplicación de control de voz, Airplay, transmisión de pantalla y más de 300 canales de transmisión gratuitos (LT32MAW2)",149.0,https://m.media-amazon.com/images/I/61Vv8OEDX-L._AC_UY218_.jpg,629546
"Samsung HQ50A/NJ690W HG32NJ690WF 32"" Smart LED-LCD TV - HDTV - Negro",432.44,https://m.media-amazon.com/images/I/61QFUTL+PgL._AC_UY218_.jpg,1827121
"SAMSUNG Serie QLED The Frame LS03C de 32 pulgadas, Quantum HDR, modo artístico, pantalla mate antirreflejo, soporte de pared delgado incluido, Smart TV con Alexa incorporado (QN32LS03CB)",597.99,https://m.media-amazon.com/images/I/71WpTVdu57L._AC_UY218_.jpg,2526594
"VIZIO Smart TV FHD LED de 40 pulgadas clase D para juegos y transmisión, compatible con auriculares Bluetooth - D40fM-K09 (renovado)",145.99,https://m.media-amazon.com/images/I/61UP4+w0EJL._AC_UY218_.jpg,616829
"Westinghouse Televisor de 32 pulgadas, 720p HD LED TV de pantalla plana pequeña con HDMI, USB, VGA y V-Chip Controles parentales, TV no inteligente o monitor para el hogar, cocina, autocaravana u",139.99,https://m.media-amazon.com/images/I/813v-tkMN8L._AC_UY218_.jpg,591478
"FPD Smart TV de 32 pulgadas Google TV HD 720p con Google Play y Google Cast integrado, HDR 10, Dolby Audio, control remoto por voz, Stream Live TV (Serie Palette, CG32-P3, modelo 2024)",139.99,https://m.media-amazon.com/images/I/71aKkhuMCIL._AC_UY218_.jpg,591478
"Hisense Roku Smart TV LED DTS TruSurround, IPS, 120 pulgadas, clase FHD (1080P), modo de juego 40H4030F (renovado)",174.99,https://m.media-amazon.com/images/I/61tTV2r+kLL._AC_UY218_.jpg,739358
ONN Roku Smart TV LED de 32 pulgadas + soporte de pared gratuito con conectividad Wi-Fi y aplicación móvil | TV de pantalla plana compatible con Apple Home Kit | Alexa y Google Assistant (renovado),129.96,https://m.media-amazon.com/images/I/71htRfv03TL._AC_UY218_.jpg,549100
"TCL 43S451 43"" Class 4 Series 4K UHD HDR LED Smart Roku TV funciona con Siri, Alexa y Hey Google (renovado)",189.96,https://m.media-amazon.com/images/I/81vC-axTtvL._AC_UY218_.jpg,802608
"TCL 32S355, Smart TV LED Roku de 32"" Class 3-Series HD 720p, color negro",159.99,https://m.media-amazon.com/images/I/61lRv6LZlHL._AC_UY218_.jpg,675981
"Supersonic SC-1520VTV TV 15.6 pulgadas Smart AC/DC LED TV, alimentado por VIDAA, 1080p, WiFi, altavoces incorporados, USB, 3X HDMI ARC, para cocina, RV, barco, camión, sala de juegos, dormitorio,",159.99,https://m.media-amazon.com/images/I/71yLMHckCxL._AC_UY218_.jpg,675981
"Onn Smart TV HD LED de 32 pulgadas con resolución de 720p, frecuencia de actualización de 60 Hz, pantalla DLED, transmisión inalámbrica, 100012589 (renovado)",119.99,https://m.media-amazon.com/images/I/41vCYd9rAWL._AC_UY218_.jpg,506975
"Soulaca Pantalla de TV con espejo inteligente de 22 pulgadas, impermeable, para baño, ducha, televisión, WiFi integrado, Bluetooth, 1080P, sintonizador ATSC 2024, nuevo modelo",475.0,https://m.media-amazon.com/images/I/61A9wxI8-HL._AC_UY218_.jpg,2006943
"Televisor de 22 pulgadas, 1080p LED Widescreen HDTV con sintonizadores ATSC digitales, TV de pantalla plana con HDMI/VGA/RCA/USB para cocina, RV, dormitorio, caravana (sin reproductor de DVD)",169.99,https://m.media-amazon.com/images/I/714klrvMDQL._AC_UY218_.jpg,718232
"VIZIO Smart TV de 24 pulgadas Serie D 720p Full Array LED HD SmartCast Apple AirPla+B23y 2 y Chromecast, compatibilidad con Alexa integrada + soporte de pared gratuito - D24H-J09 (sin soportes)",114.99,https://m.media-amazon.com/images/I/51EZuBzuWEL._AC_UY218_.jpg,485849
"Hisense Serie A4 Smart TV Android HD de 32 pulgadas con DTS Virtual X, modos de juego y deportes, Chromecast integrado, compatibilidad con Alexa (32A4H, nuevo modelo 2022), negro",144.99,https://m.media-amazon.com/images/I/7160Qtqz8jL._AC_UY218_.jpg,612604
"VIZIO 40 pulgadas D-Series Full HD 1080p Smart TV Chromecast Canales de transmisión incorporados, D40f-J09, modelo 2021 de 40 pulgadas (renovado)",148.0,https://m.media-amazon.com/images/I/81birKu+MpL._AC_UY218_.jpg,625321
"SANSUI 32 pulgadas TV WebOS 5.0 32"" LED TV 720P, Smart TV con tarjeta de música App y optimizador de juegos incorporado",152.79,https://m.media-amazon.com/images/I/81s2UD+hvkL._AC_UY218_.jpg,645560
"SYLVOX Combo de disco de video digital inteligente de 12 voltios de 22 pulgadas, FHD 1080P, a prueba de humedad, con ARC, CEC y WiFi. Perfecto para el hogar, RV y uso marino en condiciones húmedas,",320.55,https://m.media-amazon.com/images/I/715WI7ohNnL._AC_UY218_.jpg,1354370
"Paquete de televisión inteligente Amazon Fire TV Omni Series de 75"" en 4K UHD con plan de protección de 4 años",900.98,https://m.media-amazon.com/images/I/71A8-5ONrOL._AC_UY218_.jpg,3806770
LG 32 pulgadas clase HD 720p Smart LED TV HDR webOS 60Hz frecuencia de actualización navegador web HDMI USB compatible con Alexa 32LM577BZUA (renovado),169.99,https://m.media-amazon.com/images/I/71YYYJN2E2L._AC_UY218_.jpg,718232
"Samsung Monitor inteligente 4K UHD de 32 pulgadas serie M8 y TV de transmisión con cámara web delgada para experiencia sin PC, Netflix, HBO, Prime VOD y más, Apple Airplay, WiFI, BT, altavoces",649.99,https://m.media-amazon.com/images/I/61AGomCCVRL._AC_UY218_.jpg,2746301
"TV de 17 pulgadas, pequeño televisor de pantalla plana con sintonizador digital ATSC, puerto HDMI y USB en doble potencia, cable de cargador de 12 voltios y alimentación de CA adecuado para",119.99,https://m.media-amazon.com/images/I/61zRmGy02gL._AC_UY218_.jpg,506975
"Samsung AU8000 HG55AU800NF 55"" Smart LED-LCD TV - 4K UHDTV - Negro",765.49,https://m.media-amazon.com/images/I/51ZJ2e92RbL._AC_UY218_.jpg,3234305
"VIZIO Televisor inteligente FHD LED de 24 pulgadas serie D con auriculares Bluetooth, compatible con AMD FreeSync y Alexa, D24fM-K01, modelo 2023 (renovado)",114.99,https://m.media-amazon.com/images/I/81DQZM1hiTL._AC_UY218_.jpg,485849
"Hisense Smart TV de 32 pulgadas 720p HD LED serie H4030F modo de juego automático de baja latencia compatible con Alexa y Google Assistant, 32H4030F4 (renovado) (TV)",149.99,https://m.media-amazon.com/images/I/615gVAYC+cL._AC_UY218_.jpg,633729
"SYLVOX TV de cocina, pequeño Smart TV para cocina, 15.6 pulgadas 1080P Full HD debajo del gabinete, Google Smart Television con control remoto por voz, WiFi, Bluetooth, Chromecast 2 altavoces,",299.0,https://m.media-amazon.com/images/I/61Y5TLk41fL._AC_UY218_.jpg,1263318
"SYLVOX Smart RV TV, 32"" 12V TV para RV Camper 1080P DC/AC Powered Television, el más nuevo Google TV, compatible con aplicaciones de descarga, asistente de Google, WiFi Bluetooth, Smart TV para el",399.0,https://m.media-amazon.com/images/I/71SOK4BsibL._AC_UY218_.jpg,1685832
"SYLVOX Smart TV abatible de 15.6 pulgadas debajo del gabinete, Google TV soporta rotación de 360 grados, conexión WiFi y inalámbrica, diseño de almacenamiento para cocina, dormitorio, caravana, yate",315.41,https://m.media-amazon.com/images/I/71jwdzQWNiL._AC_UY218_.jpg,1332653
"Televisión Supersonic de alta definición, LED, 1080p, pantalla ancha, con entrada HDMI y AC/DC, compatible con RVs, 22 pulgadas",145.99,https://m.media-amazon.com/images/I/91ZWRCJxnDL._AC_UY218_.jpg,616829
PHILIPS Televisor inteligente HD de 32 pulgadas con frecuencia de actualización sin bordes de 720p 60Hz compatible con Alexa y Google Assistant 32PFL6452/F7 (reacondicionado),159.0,https://m.media-amazon.com/images/I/61DcENb-ETL._AC_UY218_.jpg,671798
"Audiobox Smart TV de 32 pulgadas con reproductor de DVD integrado, control remoto Bluetooth, LED HD, compatible con 12 V CA/CC, perfecto para caravanas, películas, juegos, viajes y entretenimiento en",299.0,https://m.media-amazon.com/images/I/71NZoOX-TjL._AC_UY218_.jpg,1263318
"Samsung AU8000 HG50AU800NF 50"" Smart LED-LCD TV - 4K UHDTV - Negro",564.3,https://m.media-amazon.com/images/I/51V0O-jm4BL._AC_UY218_.jpg,2384249
"SuperSonic SC - Pantalla LED HD de 1080p en formato panorámico, con reproductor de DVD/CD/CDR integrado. Entradas HDMI, USB, SD y AC/DC: de alta resolución y reducción de ruido digital",154.99,https://m.media-amazon.com/images/I/91bKRt1nSPS._AC_UY218_.jpg,654855
"SYLVOX Smart RV TV, TV de 24 pulgadas con reproductor de DVD integrado, TV de 12 voltios para RV Camper 1080P FHD, Android Smart descarga gratuita aplicaciones, compatible con WiFi Bluetooth, 2 HDMI y",399.0,https://m.media-amazon.com/images/I/71r9kKhmsIL._AC_UY218_.jpg,1685832
ATYME 32 pulgadas clase 60Hz 1080p FHD LED TV pantalla plana 1* USB 3* HDMI 1* VGA ARC doble canal 8W Smart Tizen OS Televisión 320AX5HD,179.99,https://m.media-amazon.com/images/I/61q8u5EAPML._AC_UY218_.jpg,760484
"SYLVOX Smart RV TV, 40"" 12-24V TV para RV Camper 1080P DC/AC Powered Televisión, compatible con aplicaciones de descarga, asistente de Google, WiFi Bluetooth, Smart TV para el hogar, coche, cámper,",499.0,https://m.media-amazon.com/images/I/71tja4usJbL._AC_UY218_.jpg,2108347
"CONTINU.US Smart 12V RV TV de 32 pulgadas | 720p Android Google 12 Volt RV Televisión con Google Assistant, Chromecast y aplicaciones de transmisión gratuitas | Smart TV para caravanas, campistas,",399.99,https://m.media-amazon.com/images/I/61qBGo9xQ5L._AC_UY218_.jpg,1690015
"SYLVOX Espejo mágico de 24 pulgadas para baño Smart TV, impermeable, 1080P, 500NITS, alto brillo, altavoces frontales duales, montaje en pared, adecuado para baños, hoteles, saunas",559.0,https://m.media-amazon.com/images/I/71udY7oxpTL._AC_UY218_.jpg,2361855
"TV de 22 pulgadas, pantalla plana LED FHD de 1080p, pantalla IPS con sintonizadores digitales duales ATSC/HDMI/VGA/AV/USB, TV RV de 12 voltios adecuado para cocina, caravana y barco (modelo",169.99,https://m.media-amazon.com/images/I/71hdac8nKTL._AC_UY218_.jpg,718232
"SYLVOX TV de cocina, TV debajo del gabinete de 15.6 pulgadas, televisión para cocina, Smart TV integrado Google Play, soporte WiFi Bluetooth, TV pequeño 1080P para caravana, dormitorio, barco",339.0,https://m.media-amazon.com/images/I/71HP8J-aMsL._AC_UY218_.jpg,1432324
"elecsung Espejo inteligente de 22 pulgadas para baño, TV webOS 1080P, impermeable, con sintonizador de TV HD integrado (ATSC), Alexa incorporada, altavoces, Wi-Fi y Bluetooth, SS215U22-A016 Modelo",509.0,https://m.media-amazon.com/images/I/61JTIfN4fyL._AC_UY218_.jpg,2150598
"SYLVOX Smart RV TV, TV de 40 pulgadas y 12 voltios para caravanas, compatibilidad FHD de 1080P con Google TV y Google Assitant, compatible con Google TV y Google Assitant, compatible con App Store,",499.0,https://m.media-amazon.com/images/I/71SMNAIig9L._AC_UY218_.jpg,2108347
"VIZIO Televisor inteligente HD LED de 32 pulgadas serie V Full Array 1080p, compatible con Bluetooth con VRR, DTS Virtual X, Airplay 2 y Chromecast incorporado (VHD32M-0810) (renovado)",139.99,https://m.media-amazon.com/images/I/61i5XJnKymL._AC_UY218_.jpg,591478
"FREE SIGNAL TV Transit Platinum - Smart TV de 12 voltios, TV de 28 pulgadas con reproductor de DVD, aplicaciones de pre-descarga, Bluetooth/Wifi incluido, alimentación CA/CC con resolución HD de",479.0,https://m.media-amazon.com/images/I/61hIAnxaZhL._AC_UY218_.jpg,2023844
LOST: Back to the Island: The Complete Critical Companion to The Classic TV Series,27.0,https://m.media-amazon.com/images/I/71+KkYVUbXL._AC_UY218_.jpg,114079
"SYLVOX TV RV de 24 pulgadas 12/24 V para RV 1080P Full HD Smart TV, tienda de aplicaciones integrada, compatible con WiFi Bluetooth, pequeño televisor Android para automóvil, casa, cámper, camión,",399.0,https://m.media-amazon.com/images/I/71g4-euS7aL._AC_UY218_.jpg,1685832
"VIZIO Smart TV FHD LED de 40 pulgadas serie V 1080p compatible con Bluetooth, con HDR/HDR10 HLG, Airplay 2, Chromecast integrado, HDMI VRR y DTS Virtual X (VFD40M-0810) (renovado)",169.99,https://m.media-amazon.com/images/I/61tk8l-5BVL._AC_UY218_.jpg,718232
"Skyworth 32 inch Smart TV, 720P Roku Google TV with Chromecast Built-in, Android LED TV for Bedroom - S3G",152.02,https://m.media-amazon.com/images/I/51T1C4E8vyL._AC_UY218_.jpg,642306
"SYLVOX Televisor de cocina, pequeño Smart TV de 15.6 pulgadas para cocina, 1080P debajo del gabinete compatible con Google, girado y plegado, compatible con fuente de alimentación CC/CA, TV pequeña",339.0,https://m.media-amazon.com/images/I/612OTHo7eUL._AC_UY218_.jpg,1432324
"TV de 20 pulgadas, TV de pantalla plana de cocina pequeña con auriculares, puertos HDMI, USB y VGA, cable DV-12V y adaptador de CA para uso en su dormitorio y caravana (TV de vista completa)",169.0,https://m.media-amazon.com/images/I/71HqqB4dJdL._AC_UY218_.jpg,714049
"SYLVOX TV de baño de 24 pulgadas, 1080P Smart Mirror TV, sistema de Google, NTSC y sintonizador ATSC, soporte WiFi, Bluetooth, 500 nits de alto brillo, IP66, resistente al agua, para baño, bañera,",599.0,https://m.media-amazon.com/images/I/71cxJoOASvL._AC_UY218_.jpg,2530861
Soulaca 22 pulgadas Smart Mirror Marco blanco TV impermeable Televisión webOS sistema incorporado Alexa WiFi Bluetooth ATSC chimenea montaje en pared Galería,559.0,https://m.media-amazon.com/images/I/713H3ItkhuL._AC_UY218_.jpg,2361855
Cue the Sun!: The Invention of Reality TV,0.0,https://m.media-amazon.com/images/I/919SUVWhzZL._AC_UY218_.jpg,0
Save the Cat!® Writes for TV: The Last Book on Creating Binge-Worthy Content You'll Ever Need,18.49,https://m.media-amazon.com/images/I/71WOL2jaaSL._AC_UY218_.jpg,78123
"TV Inside-Out - Flukes, Flakes, Feuds and Felonies: The backstage blunders, bloopers and blasphemy of celebrities in search of success",9.95,https://m.media-amazon.com/images/I/71X277RtTRL._AC_UY218_.jpg,42040
"Haocrown Espejo de baño con pantalla táctil de 27 pulgadas, impermeable, Smart Android 11, Televisión, Full HD 1080P, sintonizador ATSC incorporado 2.4/5GHz Wi-Fi Bluetooth",799.0,https://m.media-amazon.com/images/I/71fR6vAViNL._AC_UY218_.jpg,3375890
"Philips 32"" PFL64 HD 720p Roku Smart LED TV 32PFL6472/F7",279.0,https://m.media-amazon.com/images/I/51pfPT6BoRL._AC_UY218_.jpg,1178815
"TV de 20 pulgadas, ángulos de visión completos 1080P HD, cocina pequeña montada en la pared digital TV-HDMI/puertos USB, entradas de adaptador de corriente dual DC-12V y CA para tu caravana y",179.0,https://m.media-amazon.com/images/I/81FSgGJfhyL._AC_UY218_.jpg,756301
FROM - Season 1,2.99,https://m.media-amazon.com/images/I/81J3JEwri3L._AC_UY218_.jpg,12633
TCL Televisor inteligente R0ku de 32 pulgadas Serie 3 de 720p HD LED + soporte de pared Wi-Fi de doble banda compatible con AlR Play Alexa y Google Assistant (renovado),169.99,https://m.media-amazon.com/images/I/61puxqBAKmL._AC_UY218_.jpg,718232
Soulaca 18.5 pulgadas Android Smart Mini Mirror LED TV para baño IPX6 impermeable incorporado WiFi Bluetooth ATSC,399.0,https://m.media-amazon.com/images/I/718vyzrwxcL._AC_UY218_.jpg,1685832
"SYLVOX Televisor de baño, espejo inteligente de 24 pulgadas para baño, ducha, spa, sistema Google más nuevo, 1080P IP66, botón táctil impermeable, WiFi, Bluetooth, asistente de Google, Smart TV para",559.0,https://m.media-amazon.com/images/I/71OJPx3evyL._AC_UY218_.jpg,2361855
Frasier Season 1,2.99,https://m.media-amazon.com/images/I/61aEF9RK5lL._AC_UY218_.jpg,12633
"Fancy Sync Box Ambient TV Backlighting Syncing Box HDMI 2.0, todos los tamaños de TV Fancyleds (70"" a 90"")",169.95,https://m.media-amazon.com/images/I/71bMcNjyPbL._AC_UY218_.jpg,718063
"elecsung Televisor de espejo inteligente de 22 pulgadas para baño, TV impermeable 1080P ATSC Tunner Android 11.0 para ducha de hotel, spa, altavoces integrados, Wi-Fi y Bluetooth, 0BLS11013, modelo",479.0,https://m.media-amazon.com/images/I/71F6iXYfGUL._AC_UY218_.jpg,2023844
"Haocrown Espejo de baño impermeable de 27 pulgadas con pantalla táctil inteligente Android 11, Full HD 1080P Wi-Fi Bluetooth ATSC sintonizador integrado (casi nuevo, 2022)",699.0,https://m.media-amazon.com/images/I/71G3S2OOchL._AC_UY218_.jpg,2953375
Soulaca 27 pulgadas Smart Mirror TV Panel de pantalla táctil impermeable WiFi incorporado Bluetooth Android 11 Nuevo modelo 2024 Televisión LED mágica,789.0,https://m.media-amazon.com/images/I/71MoXGV7jOL._AC_UY218_.jpg,3333638
"Jensen JE2613AC - TV LED de pantalla ancha de 26 pulgadas con pantalla panorámica de 26 pulgadas, sintonizador HDTV integrado (ATSC), 1366 x 768 Full HD, 3 HDMI, control remoto inalámbrico, 110 V CA",249.0,https://m.media-amazon.com/images/I/81ZtKrR51wL._AC_UY218_.jpg,1052061
"SAMSUNG Monitor inteligente 4K UHD de 32 pulgadas serie M8 (M80D) con transmisión de TV, altavoces, HDR10+, mejora de AI, USB-C, soporte ergonómico, cámara SlimFit, hub de juegos, LS32DM801UNXZA, 2024",459.99,https://m.media-amazon.com/images/I/71Cqqs9ibaL._AC_UY218_.jpg,1943524
Rick and Morty: The Anime - Season 1,2.99,https://m.media-amazon.com/images/I/71Yunx1nqNL._AC_UY218_.jpg,12633
SAMSUNG 43 pulgadas Class 4K (2160p) DU7200D Smart TizenTV WiFi | Motion Xcelerator | Q-Symphony | Funciona con Bixby/Alexa/Google Assistant UN43DU7200D (renovado),329.99,https://m.media-amazon.com/images/I/71nW5PXUX4L._AC_UY218_.jpg,1394255
Industry - Season 3,3.99,https://m.media-amazon.com/images/I/81gvmzdP+9L._AC_UY218_.jpg,16858
90 Day Fiance: The Other Way - Season 6,2.99,https://m.media-amazon.com/images/I/71SoXHlvggL._AC_UY218_.jpg,12633
TV on the Edge: Moments that Changed our Culture: Season 1,2.99,https://m.media-amazon.com/images/I/81DlHrILOBL._AC_UY218_.jpg,12633
"STRONG SRT40FF2003 HD TV with Built-in DVB-T2 Tuner, 60Hz, Full HD, 3 HDMI Ports, CI Slot, 2 USB Ports, for Versa 200x200",446.15,https://m.media-amazon.com/images/I/81zmGFK6h9L._AC_UY218_.jpg,1885048
Soulaca 22 pulgadas pantalla táctil inteligente espejo mágico TV baño con WiFi Bluetooth ducha integrada Televisión DTV ATSC 2024 nuevo modelo,615.0,https://m.media-amazon.com/images/I/61le5-y1rIL._AC_UY218_.jpg,2598463
"SYLVOX Televisor de baño de 32 pulgadas, 1080P Smart Mirror TV, sistema de Google, NTSC y sintonizador ATSC, soporte WiFi, Bluetooth, 500 nits de alto brillo, IP66, resistente al agua, para baño,",827.0,https://m.media-amazon.com/images/I/716u82VY2PL._AC_UY218_.jpg,3494194
"Haocrown - Modelo 2023 de alto brillo de 500 cd/㎡, TV impermeable para baño con pantalla táctil de 21.5 pulgadas, con Android 11, 1080p Full HD, con sintonizador ATSC, Wi-Fi, Bluetooth (8 GB+64 GB)",570.0,https://m.media-amazon.com/images/I/713Z2b6W2sL._AC_UY218_.jpg,2408332
LENOVO TV T23i-30 1920x1080,404.95,https://m.media-amazon.com/images/I/51vlScYCSvL._AC_UY218_.jpg,1710972
"SAMSUNG 32-Inch Class HD 4 Series LED-Backlit LCD TV (720P) Smart TV Wi-Fi, USB UN32M4500BF (Renewed)",190.52,https://m.media-amazon.com/images/I/613kztFJ4NL._AC_UY218_.jpg,804974
Soulaca 27 pulgadas Smart Mirror TV para baño IP66 impermeable sistema Android con sintonizador de TV HD integrado (ATSC) y Wi-Fi incorporado y Bluetooth FBA,650.0,https://m.media-amazon.com/images/I/51AlwyoouqL._AC_UY218_.jpg,2746343
"Espejo inteligente con pantalla táctil de 21.5 pulgadas, IP66, resistente al agua, para baño, ducha, soporte de rotación de 360°, Full HD 1080P integrado Android 11.0 OS WiFi/LAN/USB/BT/HDMI",588.98,https://m.media-amazon.com/images/I/614LsYz-4-L._AC_UY218_.jpg,2488525
"SYLVOX Televisor inteligente impermeable de 24 pulgadas, espejo mágico para baño, 1080P, refuerzo de graves, IP66, antivahoo, tienda de aplicaciones integrada y asistente de voz (modelo de pared)",559.0,https://m.media-amazon.com/images/I/71TVgOLJA1L._AC_UY218_.jpg,2361855
"JTV3223DCS - Soporte de pared para Smart TV de 32 pulgadas, negro; 12 VDC; 45 W; resolución máxima de 1366 x 768; panel LED TFT; relación de contraste 4000:1; 2 puertos HDMI; 2 puertos USB (renovado)",375.0,https://m.media-amazon.com/images/I/71wQBQKxq+L._AC_UY218_.jpg,1584429
Soulaca 22 pulgadas Smart Magic Mirror TV para baño impermeable decoración de hotel Android WiFi y Bluetooth ATSC 2024 Modelo,477.0,https://m.media-amazon.com/images/I/71ebw6hhEpL._AC_UY218_.jpg,2015394
Soulaca 32 pulgadas Android sistema inteligente baño espejo de desaparición mágico LED TV IP66 espejo de desaparición impermeable DTV ATSC nuevo 2024,847.0,https://m.media-amazon.com/images/I/61HQcTBSCSL._AC_UY218_.jpg,3578697
Hisense Paquete exclusivo de Smart TV 40A4K y barra de sonido HS2100,287.99,https://m.media-amazon.com/images/I/31soINXpd2L._AC_UY218_.jpg,1216799
Soulaca 32 pulgadas Smart pantalla táctil espejo TV Android 11.0 WiFi Bluetooth baño impermeable ATSC Televisión panel táctil,998.0,https://m.media-amazon.com/images/I/61ndF8u+YFL._AC_UY218_.jpg,4216693
"Jensen JE3223S - Smart TV LED de 32 pulgadas, negro; 110 VAC; resolución máxima de 1366 x 768; 2 puertos HDMI; 40 W; 2 puertos USB; altavoces orientados hacia abajo; soporte de montaje VESA",302.7,https://m.media-amazon.com/images/I/61wNRpGpieL._AC_UY218_.jpg,1278951
TCL,212.44,https://m.media-amazon.com/images/I/61QFwQbZc9L._AC_UY218_.jpg,897590
"Supersonic SC-2416STV 24"" Smart LED-LCD TV - HDTV - Negro",198.41,https://m.media-amazon.com/images/I/61G7Uo-1YbL._AC_UY218_.jpg,838311
"Haocrown Televisor de baño de 21.5 pulgadas, pantalla táctil, IP66, impermeable, espejo inteligente para baño con sistema Android 11.0 y sintonizador de TV HD (ATSC), WiFi Bluetooth (casi nuevo)",899.0,https://m.media-amazon.com/images/I/61EuYYwp4yS._AC_UY218_.jpg,3798404
Lenovo TV P27Q-30/IPS/27/16: 9/2K QHD/3 27/16:9/2K QHD/350CD/4MS/HDMI/DP,647.87,https://m.media-amazon.com/images/I/41dEgc-ma2L._AC_UY218_.jpg,2737344
"SAMSUNG Pantalla inteligente M80B 4K UHD HDR de 32 pulgadas con transmisión de TV, cámara SlimFit incluida, acceso remoto inalámbrico a PC, Alexa integrado, LS32BM805UNXGO, blanco",649.99,https://m.media-amazon.com/images/I/51Y4mryL4oL._AC_UY218_.jpg,2746301
"Vizio Smart LED TV HD de 24 pulgadas de la serie D (720P), Smartcast + Chromecast incluido - D24H-G9 (renovado)",93.06,https://m.media-amazon.com/images/I/31T1MWKIO2L._AC_UY218_.jpg,393192
"Paquete de televisión inteligente Amazon Fire TV Omni Series de 65"" en 4K UHD con soporte de pared inclinable universal y funda roja para el control remoto",744.97,https://m.media-amazon.com/images/I/61JgYCNlpNL._AC_UY218_.jpg,3147605
"Emerson ESTD-2400 Smart TV HD de 24 pulgadas con reproductor de DVD integrado, pantalla LED de 720p, transmisión Wi-Fi, entradas HDMI, USB y RCA, diseño que ahorra espacio, montaje en pared, incluye",279.99,https://m.media-amazon.com/images/I/71dM66NbBFL._AC_UY218_.jpg,1182998
TV WRITING TOOL KIT: HOW TO WRITE A TV PILOT THAT SELLS - 2ND EDITION,18.99,https://m.media-amazon.com/images/I/61rISXtSKYL._AC_UY218_.jpg,80235
"Emerson Televisión LED HD de 32"" ET-3200",199.99,https://m.media-amazon.com/images/I/81qA55FJOmL._AC_UY218_.jpg,844986
"SAMSUNG Smart TV Class Crystal UHD 4K DU7200 Series HDR de 43 pulgadas con sonido de seguimiento de objetos, PurColor, Motion Xcelerator, Mega Contraste, Q-Symphony, Alexa incorporado (UN43DU7200,",249.99,https://m.media-amazon.com/images/I/81+A7uRGVaL._AC_UY218_.jpg,1056244
"CONTINU.US - Televisor de 22 pulgadas, CT-2280, televisor de pantalla plana pequeña de 1080p, LED de alta definición no inteligente con HDMI, USB, VGA y auriculares, compatible con Amazon Fire, Apple",149.95,https://m.media-amazon.com/images/I/610J0fNC6NL._AC_UY218_.jpg,633560
"Jensen JTV19DC - Televisor LED de 19 pulgadas 12V CC RV con sintonizador HDTV integrado (ATSC), listo para HD (1080p, 720p, 480p), 1366 x 768 Full HD, control remoto inalámbrico de doble función, negro (renovado)",329.0,https://m.media-amazon.com/images/I/71157g28JaL._AC_UY218_.jpg,1390072
"SYLVOX Smart TV de 15.6 pulgadas para cocina, 1080P RV TV debajo del gabinete, Smart TV Android girado y plegado, compatible con Google Assistant WiFi Bluetooth, TV pequeña para cocina, dormitorio,",339.0,https://m.media-amazon.com/images/I/71Fd+TIoHKL._AC_UY218_.jpg,1432324
"Jensen JE4023S LED Smart TV de 40 pulgadas, alimentación de CA, iluminación LED blanca, panel LCD 16:9, sintonizador HDTV (ATSC), patrón de montaje VESA 7.874 in x 7.874 in, 200 nit, resolución máxima",396.95,https://m.media-amazon.com/images/I/41yrHTaC6DL._AC_UY218_.jpg,1677171
"Supersonic SC-1311 13,3"" Pantalla panorámica LED HDTV",109.99,https://m.media-amazon.com/images/I/41eJ-XItVaL._AC_UY218_.jpg,464724
NORTHING 14“ LCD TV,159.0,https://m.media-amazon.com/images/I/71mOrYUnW3L._AC_UY218_.jpg,671798
Domo-kun Tokyo Kawaii TV NHK,49.91,https://m.media-amazon.com/images/I/51PeqH0+YaL._AC_UY218_.jpg,210877
"Jensen JTV1921DC TV LED HD de 19 pulgadas con sintonizador HDTV integrado (ATSC), panel LCD 16:9, 1366 x 768, 12 VCC, 16.7 millones de colores, iluminación LED blanca, brillo de 250 nit, tiempo de",279.0,https://m.media-amazon.com/images/I/61mBnh3vfYL._AC_UY218_.jpg,1178815
"JE2612LEDWM Vehículo TV LED de 26 pulgadas; 12 VDC; sintonizador HDTV integrado (ATSC); amplio panel LCD 16:9; VESA 3.937 in x 3.937 in; 6.7 millones de colores; listo para HDTV (1080p, 720p, 480p);",399.0,https://m.media-amazon.com/images/I/515M0DfLp-L._AC_UY218_.jpg,1685832
"SAMSUNG HBU8000 HG43BU800NFXZA 43"" Smart LED-LCD TV - 4K UHDTV - Negro",517.17,https://m.media-amazon.com/images/I/51AhMHR249L._AC_UY218_.jpg,2185118
"TV de pantalla plana de 14 pulgadas, pequeño televisor con sintonizador digital ATSC, antena y puertos HDMI/USB, cable cargador de 12 voltios para coche/cocina",99.99,https://m.media-amazon.com/images/I/714i+xAFwJL._AC_UY218_.jpg,422472
"Jensen JE3211WM 32 pulgadas 1920 x 1080 Full HD LCD RV Wallmount TV con sintonizador HDTV integrado (ATSC) y control remoto inalámbrico de doble función, 2 entradas HDMI, VESA 3.937 in x 3.937 in, 110 V AC (renovado)",269.0,https://m.media-amazon.com/images/I/811TbaNfiBS._AC_UY218_.jpg,1136564
